id,Not a Disaster,Disaster
0,0,0
0,0.1505156,0.8494844
1,0.09050537,0.9094946
2,0.015072056,0.984928
3,0.0039795944,0.9960204
4,0.01810527,0.9818948
5,0.34434786,0.65565217
6,0.91536677,0.084633164
7,0.88879395,0.11120602
8,0.7927213,0.20727876
9,0.86122763,0.13877234
10,0.8790129,0.12098707
11,0.8526885,0.14731154
12,0.85276455,0.14723547
13,0.8664383,0.13356169
14,0.86926454,0.13073544
15,0.91398925,0.08601075
16,0.6973401,0.30265993
17,0.48740608,0.51259387
18,0.90057504,0.099424995
19,0.8963903,0.10360971
20,0.7162792,0.28372073
21,0.74825865,0.25174132
22,0.88079435,0.11920561
23,0.6161239,0.38387606
24,0.791695,0.208305
25,0.8442739,0.15572602
26,0.90055424,0.099445716
27,0.7927861,0.20721382
28,0.8518568,0.14814316
29,0.027026983,0.97297305
30,0.84411454,0.15588543
31,0.78474003,0.21526
32,0.86785036,0.13214958
33,0.38570628,0.6142937
34,0.0017570416,0.998243
35,0.9125669,0.08743304
36,0.46324474,0.53675526
37,0.75315607,0.24684389
38,0.8243213,0.17567864
39,0.014520138,0.9854799
40,0.85757434,0.14242563
41,0.15367855,0.84632146
42,0.61276424,0.38723567
43,0.4745252,0.5254747
44,0.8907204,0.109279625
45,0.3176081,0.6823919
46,0.9421273,0.05787269
47,0.9461451,0.053854868
48,0.08190406,0.91809595
49,0.9461451,0.053854868
50,0.8853047,0.11469528
51,0.8682185,0.13178152
52,0.70303917,0.29696083
53,0.9461451,0.053854868
54,0.73019344,0.26980662
55,0.8265427,0.17345731
56,0.8442829,0.15571699
57,0.77173513,0.2282649
58,0.9219368,0.07806318
59,0.73019344,0.26980662
60,0.06981648,0.93018353
61,0.71688396,0.28311607
62,0.0775513,0.9224487
63,0.012260558,0.9877394
64,0.0054617007,0.99453825
65,0.25029513,0.74970484
66,0.84233636,0.15766364
67,0.07442684,0.9255731
68,0.0035215889,0.9964784
69,0.0055546407,0.9944454
70,0.55245286,0.44754708
71,0.04441869,0.9555813
72,0.002897643,0.9971023
73,0.00258267,0.99741733
74,0.002897643,0.9971023
75,0.0023802763,0.9976197
76,0.8387455,0.16125451
77,0.8316993,0.16830075
78,0.8127343,0.18726566
79,0.32239634,0.67760366
80,0.7523004,0.24769966
81,0.6914514,0.3085486
82,0.7320876,0.2679124
83,0.5061867,0.49381337
84,0.0023802763,0.9976197
85,0.21660312,0.7833969
86,0.85577124,0.1442287
87,0.8500276,0.14997235
88,0.6575065,0.3424935
89,0.6575065,0.3424935
90,0.65090585,0.34909418
91,0.9117485,0.08825145
92,0.91257423,0.08742576
93,0.8316093,0.16839069
94,0.8568022,0.14319779
95,0.9099976,0.09000241
96,0.93856955,0.061430473
97,0.9211507,0.07884931
98,0.4911216,0.50887847
99,0.8525807,0.14741936
100,0.8923913,0.10760863
101,0.8310098,0.1689902
102,0.77556825,0.2244318
103,0.8508429,0.14915708
104,0.7070301,0.2929699
105,0.68846834,0.31153166
106,0.47907647,0.52092355
107,0.7290198,0.2709802
108,0.8235733,0.17642672
109,0.47907647,0.52092355
110,0.47907647,0.52092355
111,0.680995,0.31900504
112,0.19758052,0.8024195
113,0.9123555,0.08764449
114,0.47907647,0.52092355
115,0.47907647,0.52092355
116,0.5794664,0.42053357
117,0.47907647,0.52092355
118,0.47907647,0.52092355
119,0.44998437,0.5500156
120,0.47907647,0.52092355
121,0.47907647,0.52092355
122,0.47907647,0.52092355
123,0.47907647,0.52092355
124,0.66766137,0.33233866
125,0.88568175,0.11431828
126,0.9513994,0.04860063
127,0.9342541,0.065745816
128,0.88494295,0.11505702
129,0.640215,0.35978505
130,0.8845876,0.115412384
131,0.8528506,0.1471494
132,0.03853082,0.9614692
133,0.0627095,0.93729055
134,0.81164706,0.18835291
135,0.72329277,0.27670723
136,0.64331865,0.35668135
137,0.90639627,0.09360367
138,0.67679363,0.32320642
139,0.9513994,0.04860063
140,0.6371382,0.3628618
141,0.9513994,0.04860063
142,0.7870259,0.21297407
143,0.83494425,0.16505575
144,0.7500859,0.24991415
145,0.88505024,0.11494979
146,0.05563468,0.94436526
147,0.8841354,0.11586458
148,0.8022738,0.19772613
149,0.4321557,0.56784433
150,0.95115805,0.048842005
151,0.6849796,0.31502032
152,0.91497743,0.08502255
153,0.8799276,0.12007242
154,0.84712714,0.15287283
155,0.8492234,0.15077662
156,0.84595037,0.1540496
157,0.7965455,0.20345446
158,0.7083034,0.29169658
159,0.91497743,0.08502255
160,0.91497743,0.08502255
161,0.91497743,0.08502255
162,0.8606729,0.13932705
163,0.80597925,0.19402076
164,0.91497743,0.08502255
165,0.8492234,0.15077662
166,0.29021493,0.70978504
167,0.002136086,0.99786395
168,0.0033295914,0.9966704
169,0.0029595853,0.99704045
170,0.70056176,0.29943818
171,0.0024862874,0.9975138
172,0.03240214,0.96759784
173,0.83009064,0.16990939
174,0.014218636,0.9857814
175,0.2579858,0.7420142
176,0.195357,0.80464303
177,0.063010804,0.93698925
178,0.0050069173,0.99499315
179,0.21425742,0.7857426
180,0.002136086,0.99786395
181,0.66105914,0.3389408
182,0.8362356,0.16376442
183,0.03240214,0.96759784
184,0.007371461,0.99262846
185,0.79213256,0.20786746
186,0.66454333,0.3354567
187,0.860043,0.13995703
188,0.19299473,0.8070052
189,0.33890423,0.6610958
190,0.9013824,0.09861757
191,0.19813596,0.8018641
192,0.0018324902,0.9981675
193,0.770675,0.22932498
194,0.9290674,0.070932634
195,0.90321517,0.096784815
196,0.0035773693,0.9964226
197,0.22584087,0.77415913
198,0.64947826,0.35052168
199,0.002136086,0.99786395
200,0.15638489,0.84361506
201,0.565464,0.43453592
202,0.47671407,0.523286
203,0.78682625,0.21317379
204,0.25000557,0.7499944
205,0.8402107,0.15978935
206,0.87860394,0.12139613
207,0.106945656,0.89305437
208,0.82498324,0.17501676
209,0.95315903,0.04684092
210,0.81794095,0.18205902
211,0.10101823,0.89898175
212,0.83921117,0.16078882
213,0.8341187,0.16588123
214,0.0034960934,0.99650395
215,0.40147993,0.59852016
216,0.77318096,0.22681907
217,0.002172339,0.9978276
218,0.002172339,0.9978276
219,0.0054705897,0.9945294
220,0.002172339,0.9978276
221,0.002172339,0.9978276
222,0.84543234,0.1545676
223,0.8690306,0.13096943
224,0.5274254,0.4725746
225,0.002172339,0.9978276
226,0.08348692,0.9165131
227,0.002172339,0.9978276
228,0.8126143,0.18738562
229,0.6533269,0.34667307
230,0.6976014,0.30239856
231,0.73395616,0.26604384
232,0.9174089,0.08259107
233,0.6966739,0.3033261
234,0.86080855,0.13919139
235,0.89958215,0.10041787
236,0.7636025,0.23639749
237,0.7601597,0.23984034
238,0.15795572,0.8420443
239,0.7605168,0.23948315
240,0.8943027,0.10569726
241,0.8888028,0.11119718
242,0.9088709,0.09112919
243,0.5720664,0.4279336
244,0.8129802,0.1870199
245,0.31875062,0.6812494
246,0.18547688,0.8145231
247,0.8744609,0.12553908
248,0.25453073,0.7454693
249,0.02796096,0.972039
250,0.83280027,0.1671997
251,0.886074,0.11392602
252,0.82638323,0.1736168
253,0.84706485,0.15293516
254,0.8091505,0.19084951
255,0.3560098,0.64399016
256,0.2834399,0.7165601
257,0.41542566,0.58457434
258,0.41542566,0.58457434
259,0.42329225,0.5767078
260,0.44024846,0.55975145
261,0.52414006,0.4758599
262,0.44024846,0.55975145
263,0.7819497,0.21805033
264,0.3271508,0.67284924
265,0.44024846,0.55975145
266,0.77801377,0.22198626
267,0.7247886,0.27521136
268,0.3840576,0.61594236
269,0.3110459,0.68895406
270,0.2772302,0.7227698
271,0.2234684,0.77653164
272,0.6261337,0.3738663
273,0.764343,0.23565704
274,0.18707219,0.81292784
275,0.8926748,0.10732515
276,0.555085,0.444915
277,0.6785707,0.3214293
278,0.86487466,0.13512535
279,0.6261337,0.3738663
280,0.5005195,0.49948046
281,0.6287113,0.37128875
282,0.9150525,0.084947504
283,0.6261337,0.3738663
284,0.68847924,0.31152076
285,0.8255499,0.17445014
286,0.8255499,0.17445014
287,0.95467263,0.045327336
288,0.8231358,0.17686427
289,0.9342594,0.06574057
290,0.86718524,0.13281472
291,0.88342613,0.116573885
292,0.806318,0.19368209
293,0.2385252,0.7614748
294,0.7586003,0.24139968
295,0.9178324,0.08216767
296,0.9187687,0.08123134
297,0.76346385,0.23653615
298,0.0019260213,0.99807394
299,0.84361297,0.15638705
300,0.80968547,0.19031447
301,0.89939696,0.10060302
302,0.907802,0.09219795
303,0.93409276,0.06590719
304,0.81763303,0.182367
305,0.88929844,0.11070152
306,0.8633532,0.1366468
307,0.9277219,0.07227812
308,0.8920238,0.107976146
309,0.88524127,0.11475881
310,0.012405953,0.98759407
311,0.8382765,0.16172345
312,0.001933686,0.99806637
313,0.8945029,0.1054971
314,0.8962962,0.103703834
315,0.8920238,0.107976146
316,0.3116235,0.68837655
317,0.92149454,0.078505464
318,0.39614394,0.6038561
319,0.9199122,0.08008771
320,0.927694,0.07230601
321,0.890334,0.10966591
322,0.9478774,0.052122567
323,0.86462635,0.13537374
324,0.8812772,0.11872279
325,0.8655739,0.13442615
326,0.82390785,0.17609215
327,0.8726806,0.12731943
328,0.77077556,0.22922444
329,0.8777195,0.12228042
330,0.87938285,0.12061714
331,0.90332323,0.09667677
332,0.9039794,0.09602056
333,0.91628927,0.0837108
334,0.95343804,0.04656194
335,0.89620906,0.103790976
336,0.9008558,0.09914418
337,0.88728446,0.11271555
338,0.92597073,0.07402921
339,0.9039782,0.09602179
340,0.891819,0.108181074
341,0.9447208,0.055279166
342,0.9279721,0.07202791
343,0.9098417,0.09015829
344,0.87973374,0.120266214
345,0.67580074,0.3241992
346,0.75633293,0.24366708
347,0.86881936,0.13118067
348,0.84800225,0.15199769
349,0.5147265,0.48527354
350,0.73011327,0.2698867
351,0.7262023,0.27379775
352,0.30111957,0.6988805
353,0.88206506,0.11793497
354,0.66515374,0.33484623
355,0.015199166,0.9848008
356,0.69178957,0.3082104
357,0.7674494,0.2325506
358,0.8523381,0.14766195
359,0.87741816,0.12258185
360,0.8511831,0.14881688
361,0.75443876,0.24556126
362,0.80624735,0.19375262
363,0.8356733,0.16432668
364,0.29731265,0.7026874
365,0.91149175,0.0885083
366,0.4090428,0.5909572
367,0.8230681,0.1769319
368,0.87159693,0.1284031
369,0.8909064,0.10909356
370,0.8643328,0.13566725
371,0.8928451,0.10715494
372,0.8737621,0.12623787
373,0.49202228,0.50797766
374,0.31578612,0.6842138
375,0.5890886,0.41091144
376,0.8589523,0.14104772
377,0.88916683,0.110833175
378,0.86900645,0.1309935
379,0.8984721,0.10152792
380,0.90596294,0.094037086
381,0.79305744,0.20694257
382,0.7503654,0.24963462
383,0.82900405,0.170996
384,0.8813296,0.11867039
385,0.879175,0.12082496
386,0.92633283,0.07366716
387,0.90542054,0.09457952
388,0.6219408,0.37805918
389,0.78397936,0.21602069
390,0.9079898,0.09201019
391,0.82530093,0.17469904
392,0.82090324,0.17909677
393,0.9337904,0.06620961
394,0.8686914,0.1313086
395,0.9052683,0.09473173
396,0.6874154,0.31258458
397,0.85417914,0.14582084
398,0.8641953,0.13580468
399,0.8520561,0.14794387
400,0.8164631,0.18353686
401,0.7708814,0.22911866
402,0.6548052,0.34519485
403,0.77847147,0.22152855
404,0.92145646,0.07854357
405,0.9092969,0.09070316
406,0.89149463,0.10850531
407,0.9024254,0.097574584
408,0.8397665,0.16023354
409,0.9041305,0.09586943
410,0.89762145,0.10237857
411,0.9363063,0.06369374
412,0.82456434,0.17543568
413,0.79219353,0.20780645
414,0.92034686,0.07965318
415,0.87909615,0.12090389
416,0.8624172,0.13758278
417,0.0072371303,0.99276286
418,0.91299886,0.08700108
419,0.83568376,0.16431625
420,0.89141357,0.108586505
421,0.93593377,0.064066246
422,0.87779516,0.12220488
423,0.8945465,0.10545356
424,0.15139161,0.84860843
425,0.81882715,0.18117283
426,0.8746757,0.12532425
427,0.8115738,0.18842618
428,0.8579645,0.14203554
429,0.74445736,0.25554264
430,0.9032164,0.096783616
431,0.8478623,0.15213771
432,0.85055333,0.14944667
433,0.8084793,0.19152072
434,0.8211948,0.17880514
435,0.83373576,0.16626427
436,0.8478623,0.15213771
437,0.77245057,0.22754934
438,0.90605426,0.093945816
439,0.81816936,0.18183059
440,0.7673675,0.23263253
441,0.83637166,0.16362832
442,0.9000321,0.09996785
443,0.7845926,0.21540733
444,0.9283821,0.071617946
445,0.8952079,0.10479211
446,0.82073814,0.17926185
447,0.9133509,0.08664912
448,0.87538594,0.12461404
449,0.8967757,0.10322421
450,0.7693318,0.23066813
451,0.8833888,0.11661119
452,0.8359607,0.16403927
453,0.761969,0.23803097
454,0.80121464,0.19878544
455,0.87430084,0.12569913
456,0.9098298,0.09017023
457,0.903711,0.096289024
458,0.8925223,0.10747775
459,0.90364045,0.09635961
460,0.87188363,0.12811638
461,0.929847,0.07015303
462,0.8962293,0.10377069
463,0.7781583,0.22184172
464,0.59922385,0.4007761
465,0.79124695,0.20875302
466,0.83503217,0.16496782
467,0.53820795,0.46179202
468,0.87488335,0.12511666
469,0.81240106,0.18759888
470,0.60274655,0.39725342
471,0.0026028338,0.9973972
472,0.929995,0.070004955
473,0.87459993,0.12540013
474,0.83505064,0.16494939
475,0.010836267,0.98916376
476,0.1584067,0.84159327
477,0.72696143,0.27303857
478,0.23322658,0.76677334
479,0.0024593147,0.9975407
480,0.6961755,0.30382448
481,0.8248805,0.17511955
482,0.9028964,0.09710363
483,0.0024155776,0.99758446
484,0.61059785,0.3894022
485,0.86294836,0.13705167
486,0.92468375,0.07531624
487,0.4746461,0.52535397
488,0.90930116,0.09069882
489,0.009425484,0.99057454
490,0.0105338665,0.98946613
491,0.37062535,0.6293746
492,0.0024180284,0.99758196
493,0.8950859,0.10491411
494,0.7977579,0.20224208
495,0.5627152,0.43728486
496,0.92496324,0.075036824
497,0.7217985,0.2782015
498,0.0032490243,0.99675095
499,0.17952974,0.8204703
500,0.0019637686,0.9980362
501,0.0019873695,0.99801266
502,0.0025608025,0.99743915
503,0.0023604804,0.99763954
504,0.0018741194,0.99812585
505,0.0019986085,0.9980014
506,0.0049245968,0.9950754
507,0.0024974784,0.9975025
508,0.0045531346,0.99544686
509,0.0018779589,0.99812204
510,0.0018665014,0.9981335
511,0.02497485,0.9750251
512,0.7981382,0.20186186
513,0.0020196983,0.9979803
514,0.015951673,0.98404837
515,0.0025729537,0.99742705
516,0.67599964,0.3240004
517,0.0018663752,0.9981336
518,0.019823164,0.9801768
519,0.6635777,0.33642232
520,0.2638086,0.7361914
521,0.82696134,0.17303872
522,0.0018028368,0.99819714
523,0.012718073,0.987282
524,0.83130485,0.16869523
525,0.0037793666,0.99622065
526,0.7344724,0.2655276
527,0.7760308,0.22396924
528,0.34798685,0.6520131
529,0.11459742,0.8854026
530,0.7369749,0.26302508
531,0.7965878,0.20341219
532,0.72231656,0.27768344
533,0.4141323,0.58586776
534,0.8691313,0.13086866
535,0.16332814,0.8366719
536,0.6384767,0.36152327
537,0.5189909,0.4810091
538,0.5952537,0.40474626
539,0.004816424,0.9951835
540,0.7997112,0.20028879
541,0.5208139,0.4791861
542,0.18708624,0.8129137
543,0.6911604,0.3088396
544,0.55310994,0.44689003
545,0.39196044,0.6080395
546,0.77510643,0.22489357
547,0.037906963,0.962093
548,0.0037926664,0.99620736
549,0.88360274,0.11639727
550,0.0031218138,0.99687815
551,0.04594173,0.9540583
552,0.04312009,0.95687985
553,0.004566688,0.9954333
554,0.006115076,0.99388486
555,0.037906963,0.962093
556,0.0033218344,0.99667823
557,0.030071583,0.9699284
558,0.71745914,0.28254092
559,0.87744373,0.1225562
560,0.8216491,0.17835099
561,0.76468754,0.23531246
562,0.22827393,0.77172613
563,0.9018232,0.09817681
564,0.8754103,0.12458967
565,0.9147357,0.085264385
566,0.8797908,0.120209195
567,0.90845776,0.0915423
568,0.848162,0.15183797
569,0.913799,0.086201005
570,0.8922148,0.10778516
571,0.9111488,0.08885116
572,0.89458007,0.105419904
573,0.92079216,0.07920786
574,0.88121593,0.11878403
575,0.6564231,0.34357685
576,0.84332395,0.15667611
577,0.44599828,0.5540017
578,0.705506,0.2944939
579,0.9158557,0.08414427
580,0.65238047,0.34761956
581,0.9213552,0.07864484
582,0.9259904,0.074009605
583,0.7834827,0.21651737
584,0.8556078,0.14439219
585,0.9468077,0.053192325
586,0.62507427,0.37492567
587,0.73420477,0.26579523
588,0.6922185,0.30778155
589,0.7302417,0.2697583
590,0.2641353,0.7358647
591,0.71259904,0.28740102
592,0.6163224,0.38367763
593,0.36212227,0.63787776
594,0.057653755,0.9423463
595,0.46937007,0.53062993
596,0.8743236,0.12567635
597,0.67778397,0.322216
598,0.06832574,0.9316743
599,0.7787107,0.2212893
600,0.7997112,0.20028879
601,0.46759194,0.53240806
602,0.8054686,0.19453129
603,0.29579672,0.70420325
604,0.5003794,0.49962068
605,0.015560015,0.98443997
606,0.6058784,0.39412156
607,0.0022023816,0.9977976
608,0.02383526,0.9761647
609,0.57774246,0.4222575
610,0.029778553,0.9702214
611,0.64019823,0.35980174
612,0.0022023816,0.9977976
613,0.88764846,0.11235153
614,0.30594936,0.6940506
615,0.065798976,0.93420106
616,0.86610293,0.13389704
617,0.20996656,0.7900334
618,0.5271779,0.4728221
619,0.008827244,0.99117273
620,0.017258963,0.98274106
621,0.71918535,0.28081462
622,0.0024718954,0.99752814
623,0.20996656,0.7900334
624,0.8130409,0.18695915
625,0.15933686,0.8406631
626,0.4696524,0.5303476
627,0.487039,0.512961
628,0.008827244,0.99117273
629,0.018789096,0.9812108
630,0.095225446,0.90477455
631,0.10611871,0.89388126
632,0.7937041,0.20629583
633,0.8826555,0.117344506
634,0.7482386,0.25176135
635,0.3916277,0.6083723
636,0.36268008,0.6373199
637,0.92004544,0.079954565
638,0.90843505,0.09156499
639,0.115198635,0.8848014
640,0.8429131,0.15708691
641,0.73972744,0.26027265
642,0.8164124,0.1835876
643,0.9256258,0.074374154
644,0.86863196,0.13136803
645,0.89168936,0.10831061
646,0.7982972,0.2017028
647,0.81013715,0.18986286
648,0.7667832,0.23321679
649,0.644412,0.355588
650,0.7749536,0.22504638
651,0.7207685,0.2792315
652,0.900967,0.099033006
653,0.8978202,0.102179766
654,0.0021504816,0.9978496
655,0.91083694,0.08916307
656,0.72368616,0.2763139
657,0.8792326,0.12076741
658,0.76700586,0.2329942
659,0.5070475,0.4929525
660,0.6646485,0.3353516
661,0.84542876,0.15457126
662,0.7998766,0.20012344
663,0.8447156,0.15528442
664,0.81050146,0.18949857
665,0.79315495,0.20684512
666,0.6685845,0.3314154
667,0.7880395,0.21196048
668,0.0025271983,0.9974728
669,0.55035526,0.44964477
670,0.8087095,0.19129045
671,0.89030623,0.109693736
672,0.70249313,0.29750687
673,0.8762075,0.123792544
674,0.6174551,0.38254485
675,0.011391442,0.9886086
676,0.5804547,0.41954526
677,0.8494892,0.15051086
678,0.8450234,0.15497662
679,0.13506523,0.8649348
680,0.8087095,0.19129045
681,0.88054657,0.11945336
682,0.8902864,0.10971354
683,0.29485717,0.7051428
684,0.01968674,0.98031324
685,0.4969732,0.5030269
686,0.5036317,0.49636832
687,0.36102566,0.63897437
688,0.48935276,0.5106473
689,0.22863588,0.77136415
690,0.72743493,0.2725651
691,0.5036317,0.49636832
692,0.007151546,0.9928484
693,0.0068019116,0.99319816
694,0.91228396,0.087716065
695,0.8510819,0.1489181
696,0.72980815,0.27019185
697,0.7819751,0.21802486
698,0.7889086,0.21109137
699,0.86453986,0.13546011
700,0.13315131,0.86684877
701,0.85729414,0.14270587
702,0.54262525,0.45737466
703,0.8679246,0.13207547
704,0.9418545,0.058145564
705,0.832256,0.16774404
706,0.8339869,0.16601308
707,0.6682163,0.33178374
708,0.7318684,0.2681316
709,0.13821562,0.86178446
710,0.60902023,0.39097974
711,0.60902023,0.39097974
712,0.7575561,0.24244395
713,0.7318684,0.2681316
714,0.33147076,0.6685293
715,0.8889374,0.11106259
716,0.1332667,0.8667333
717,0.7352019,0.26479807
718,0.11237751,0.88762254
719,0.7585365,0.24146348
720,0.45837453,0.5416255
721,0.831778,0.16822205
722,0.7562737,0.24372633
723,0.15888092,0.8411191
724,0.71808547,0.2819145
725,0.91949296,0.08050706
726,0.004727591,0.99527246
727,0.8720394,0.12796059
728,0.82734406,0.17265593
729,0.76426625,0.23573367
730,0.7500974,0.24990255
731,0.0026481561,0.9973519
732,0.9023433,0.09765673
733,0.011004469,0.98899555
734,0.7115185,0.2884814
735,0.6163135,0.3836865
736,0.26131517,0.7386848
737,0.59273547,0.40726453
738,0.8304134,0.16958661
739,0.91992104,0.08007898
740,0.9011571,0.09884295
741,0.9183379,0.0816621
742,0.94240713,0.05759289
743,0.96348697,0.03651299
744,0.9412768,0.058723252
745,0.9262534,0.07374663
746,0.83625394,0.16374607
747,0.9113155,0.08868451
748,0.8140112,0.18598872
749,0.9130277,0.0869723
750,0.89491427,0.105085745
751,0.8572034,0.14279659
752,0.83613694,0.16386305
753,0.90463454,0.095365465
754,0.89590114,0.10409889
755,0.32749808,0.6725019
756,0.90289456,0.09710542
757,0.9324046,0.06759542
758,0.8958411,0.10415888
759,0.8931939,0.10680611
760,0.7829942,0.21700576
761,0.044318914,0.955681
762,0.8718485,0.12815148
763,0.87027836,0.12972166
764,0.9220442,0.07795579
765,0.09008791,0.9099121
766,0.0020431555,0.9979569
767,0.0020743,0.99792564
768,0.0019680676,0.9980319
769,0.0027672853,0.99723274
770,0.5959347,0.4040653
771,0.11655615,0.8834438
772,0.27450812,0.7254919
773,0.80979717,0.19020279
774,0.6989028,0.3010972
775,0.411539,0.588461
776,0.004436018,0.995564
777,0.78403616,0.21596386
778,0.81296575,0.18703423
779,0.004596396,0.99540365
780,0.41657773,0.5834223
781,0.32131553,0.6786845
782,0.738137,0.26186305
783,0.86079764,0.13920234
784,0.03236313,0.9676368
785,0.8427945,0.15720552
786,0.0024617165,0.9975383
787,0.14271301,0.857287
788,0.85464394,0.14535604
789,0.76011735,0.2398827
790,0.0025669828,0.997433
791,0.33718425,0.66281575
792,0.80216897,0.19783102
793,0.8741665,0.12583351
794,0.9042665,0.095733516
795,0.9074626,0.09253737
796,0.85156494,0.14843506
797,0.8114819,0.1885181
798,0.0021472916,0.9978527
799,0.7729962,0.22700381
800,0.80554616,0.19445382
801,0.0017245928,0.9982754
802,0.0016234368,0.9983765
803,0.8669188,0.1330812
804,0.0020289053,0.9979711
805,0.8070042,0.19299574
806,0.002316567,0.9976834
807,0.75459075,0.24540925
808,0.8807241,0.119275875
809,0.868307,0.13169296
810,0.80276525,0.1972347
811,0.9007114,0.0992886
812,0.84925216,0.15074787
813,0.92931604,0.07068399
814,0.8631063,0.13689364
815,0.9045054,0.09549458
816,0.9130776,0.08692243
817,0.9428285,0.057171475
818,0.8978939,0.10210613
819,0.8689355,0.13106443
820,0.8149079,0.18509212
821,0.9098736,0.090126425
822,0.8979595,0.10204051
823,0.8975762,0.1024238
824,0.8744009,0.12559906
825,0.8997563,0.10024375
826,0.9069584,0.093041636
827,0.90780085,0.092199154
828,0.81547415,0.18452582
829,0.8845572,0.11544285
830,0.8579014,0.14209855
831,0.897914,0.102086
832,0.96438295,0.035617065
833,0.91823477,0.08176521
834,0.85316247,0.14683758
835,0.724301,0.27569902
836,0.86486506,0.13513494
837,0.8339136,0.16608644
838,0.7777069,0.2222931
839,0.87670887,0.12329117
840,0.8443767,0.15562335
841,0.079370245,0.92062974
842,0.9094689,0.0905311
843,0.815874,0.18412606
844,0.83687216,0.16312787
845,0.8710566,0.12894334
846,0.89280325,0.1071967
847,0.9522879,0.047712076
848,0.8972054,0.102794565
849,0.8474808,0.1525192
850,0.84008765,0.15991229
851,0.7819532,0.21804675
852,0.8474808,0.1525192
853,0.66433007,0.33566993
854,0.70723987,0.29276013
855,0.65225357,0.3477464
856,0.24058531,0.7594146
857,0.34992677,0.65007323
858,0.5250699,0.4749301
859,0.002041408,0.99795854
860,0.6206884,0.3793116
861,0.23423284,0.76576716
862,0.8132581,0.1867419
863,0.03022759,0.9697724
864,0.06903918,0.93096083
865,0.62675405,0.373246
866,0.62903744,0.37096253
867,0.0024227444,0.99757725
868,0.030815998,0.969184
869,0.7128602,0.2871397
870,0.537271,0.46272898
871,0.58932173,0.41067824
872,0.7576756,0.24232443
873,0.088656805,0.9113432
874,0.79474497,0.20525502
875,0.7130106,0.28698945
876,0.66918164,0.33081838
877,0.22614302,0.773857
878,0.8125295,0.18747051
879,0.6258453,0.37415463
880,0.9094727,0.09052726
881,0.885856,0.11414406
882,0.88539445,0.114605546
883,0.7291852,0.27081478
884,0.91812694,0.08187304
885,0.89158344,0.10841653
886,0.5963945,0.40360555
887,0.82614404,0.17385598
888,0.87751895,0.122481056
889,0.89014715,0.10985279
890,0.76444554,0.23555441
891,0.69187707,0.30812293
892,0.7792008,0.22079916
893,0.7868737,0.21312629
894,0.91851467,0.08148537
895,0.8516019,0.14839812
896,0.7826761,0.21732387
897,0.6850106,0.31498933
898,0.8670384,0.13296159
899,0.888619,0.111380935
900,0.778825,0.22117497
901,0.869741,0.13025895
902,0.8791188,0.12088114
903,0.68148595,0.31851408
904,0.66335154,0.3366485
905,0.8810232,0.11897682
906,0.76678306,0.23321694
907,0.9358182,0.06418183
908,0.0018507298,0.9981493
909,0.92228,0.07771996
910,0.13537088,0.8646291
911,0.82443994,0.17556003
912,0.852336,0.14766406
913,0.9165216,0.083478376
914,0.64878684,0.3512132
915,0.93260735,0.06739265
916,0.8391756,0.1608244
917,0.7923749,0.20762503
918,0.76095253,0.2390475
919,0.7885401,0.21145993
920,0.4147455,0.5852545
921,0.28810233,0.7118977
922,0.78030396,0.21969602
923,0.7114544,0.28854564
924,0.30771086,0.6922891
925,0.77043873,0.22956124
926,0.85101986,0.1489802
927,0.85611993,0.1438801
928,0.44815513,0.55184484
929,0.70691186,0.29308808
930,0.44815513,0.55184484
931,0.7004373,0.29956275
932,0.65461355,0.34538645
933,0.5964178,0.40358216
934,0.7810121,0.21898794
935,0.07962039,0.92037964
936,0.25899842,0.7410016
937,0.7979522,0.2020478
938,0.00897175,0.99102825
939,0.7300391,0.26996085
940,0.81176037,0.18823966
941,0.0031846478,0.9968154
942,0.0027198442,0.9972801
943,0.0026884265,0.9973116
944,0.0042780135,0.99572194
945,0.016292494,0.9837075
946,0.00282518,0.99717486
947,0.0038308601,0.99616915
948,0.020815566,0.9791844
949,0.010388481,0.9896115
950,0.0041806153,0.99581933
951,0.5526928,0.44730732
952,0.0030592547,0.99694073
953,0.7342674,0.2657326
954,0.9125169,0.08748317
955,0.90095246,0.09904756
956,0.8191342,0.18086587
957,0.67481095,0.32518902
958,0.75007385,0.24992613
959,0.7191841,0.2808159
960,0.19357628,0.8064237
961,0.87396485,0.12603518
962,0.8479077,0.15209228
963,0.0047246944,0.99527526
964,0.8694736,0.13052648
965,0.84627926,0.15372069
966,0.27436757,0.72563237
967,0.8874618,0.11253827
968,0.8134894,0.18651064
969,0.9069249,0.09307511
970,0.86974746,0.13025254
971,0.87396485,0.12603518
972,0.88763285,0.11236719
973,0.8676051,0.13239498
974,0.8086963,0.19130364
975,0.87375945,0.12624057
976,0.8822528,0.11774723
977,0.8372911,0.16270891
978,0.77585644,0.2241436
979,0.8920347,0.10796531
980,0.82330245,0.17669752
981,0.020013418,0.9799866
982,0.2289092,0.7710908
983,0.7001726,0.2998274
984,0.8837885,0.11621143
985,0.06757327,0.93242675
986,0.6607585,0.33924153
987,0.71728885,0.28271112
988,0.7739069,0.22609316
989,0.84785295,0.152147
990,0.6211357,0.37886426
991,0.883488,0.11651205
992,0.81566906,0.18433094
993,0.95960623,0.04039378
994,0.91458386,0.0854161
995,0.79340357,0.20659646
996,0.78736305,0.21263692
997,0.67833793,0.32166198
998,0.7100075,0.2899925
999,0.9221626,0.07783734
1000,0.03908706,0.960913
1001,0.75753415,0.24246585
1002,0.88456935,0.1154307
1003,0.84592795,0.15407209
1004,0.9171813,0.08281865
1005,0.84592795,0.15407209
1006,0.9360016,0.063998416
1007,0.93832314,0.06167686
1008,0.0021737518,0.9978263
1009,0.92681813,0.07318186
1010,0.88355005,0.11644997
1011,0.8477082,0.15229172
1012,0.0026725715,0.99732745
1013,0.11256006,0.88743997
1014,0.79675674,0.20324326
1015,0.8352342,0.16476575
1016,0.88400555,0.115994506
1017,0.8463422,0.15365775
1018,0.8499155,0.1500845
1019,0.84592795,0.15407209
1020,0.9207774,0.07922264
1021,0.9439607,0.056039233
1022,0.7445352,0.25546485
1023,0.7807922,0.21920778
1024,0.10395123,0.8960488
1025,0.022682719,0.9773172
1026,0.8693367,0.13066332
1027,0.7481684,0.25183156
1028,0.7975557,0.20244433
1029,0.8666369,0.1333631
1030,0.364737,0.6352631
1031,0.42039534,0.57960457
1032,0.88614637,0.11385365
1033,0.3621216,0.6378784
1034,0.789237,0.21076292
1035,0.4916215,0.5083785
1036,0.8884741,0.11152587
1037,0.81346273,0.18653725
1038,0.81346273,0.18653725
1039,0.032250844,0.9677491
1040,0.87980884,0.12019112
1041,0.0020831216,0.9979169
1042,0.81346273,0.18653725
1043,0.025141967,0.9748581
1044,0.9005292,0.099470764
1045,0.8877129,0.11228717
1046,0.81346273,0.18653725
1047,0.7960459,0.20395412
1048,0.51632845,0.48367152
1049,0.5717717,0.4282283
1050,0.68897957,0.31102043
1051,0.9005292,0.099470764
1052,0.0023788137,0.9976211
1053,0.85089546,0.14910461
1054,0.0029396329,0.99706036
1055,0.45935,0.54065
1056,0.0015944821,0.9984055
1057,0.0025454222,0.9974546
1058,0.78102714,0.21897283
1059,0.598548,0.40145198
1060,0.03678026,0.9632198
1061,0.020236416,0.9797635
1062,0.0089001255,0.9910999
1063,0.48805887,0.51194113
1064,0.002334994,0.99766505
1065,0.012519936,0.9874801
1066,0.0027671747,0.99723285
1067,0.0055090855,0.99449086
1068,0.22675839,0.7732416
1069,0.006324395,0.99367553
1070,0.0050184587,0.9949816
1071,0.04797583,0.9520242
1072,0.0027671747,0.99723285
1073,0.030624712,0.96937525
1074,0.0016595197,0.9983405
1075,0.89989996,0.100100055
1076,0.9011321,0.09886788
1077,0.8499679,0.15003206
1078,0.64629334,0.35370675
1079,0.94056016,0.05943982
1080,0.8546471,0.1453529
1081,0.8354309,0.16456908
1082,0.92710876,0.07289126
1083,0.9178568,0.082143225
1084,0.84605217,0.15394786
1085,0.88705343,0.11294655
1086,0.8825893,0.117410734
1087,0.7299877,0.27001235
1088,0.6932499,0.30675012
1089,0.9026881,0.09731196
1090,0.43813002,0.56187
1091,0.7173476,0.28265238
1092,0.8612676,0.13873234
1093,0.6619623,0.33803773
1094,0.65706116,0.34293878
1095,0.8397309,0.16026908
1096,0.9006021,0.099397905
1097,0.8120023,0.18799773
1098,0.8103504,0.18964955
1099,0.8527258,0.14727427
1100,0.12613979,0.87386024
1101,0.85502356,0.14497639
1102,0.8830771,0.11692295
1103,0.93815786,0.061842132
1104,0.7451223,0.25487766
1105,0.90803796,0.09196206
1106,0.93769634,0.062303647
1107,0.8672814,0.1327187
1108,0.851733,0.14826699
1109,0.8957051,0.104294926
1110,0.95106906,0.04893098
1111,0.7922386,0.20776139
1112,0.9062954,0.09370459
1113,0.8877996,0.1122004
1114,0.7114656,0.28853434
1115,0.8875721,0.11242796
1116,0.9392822,0.06071786
1117,0.71786636,0.2821336
1118,0.8957316,0.10426836
1119,0.0036367676,0.9963632
1120,0.0019544268,0.99804556
1121,0.80586195,0.19413805
1122,0.8167214,0.18327866
1123,0.8824532,0.11754678
1124,0.0074222116,0.99257773
1125,0.65484214,0.3451579
1126,0.8000611,0.19993885
1127,0.80586195,0.19413805
1128,0.0018968678,0.99810314
1129,0.0023442025,0.99765575
1130,0.7143351,0.28566495
1131,0.83963144,0.16036858
1132,0.003689027,0.996311
1133,0.6954215,0.30457857
1134,0.6204917,0.37950832
1135,0.7694682,0.23053189
1136,0.4284187,0.5715813
1137,0.47974473,0.5202553
1138,0.7195462,0.28045374
1139,0.74370366,0.25629628
1140,0.23121817,0.7687819
1141,0.8308277,0.16917229
1142,0.69170344,0.30829653
1143,0.57953036,0.42046967
1144,0.4203751,0.57962495
1145,0.67971563,0.32028437
1146,0.24885583,0.7511441
1147,0.108866565,0.8911334
1148,0.42130876,0.5786912
1149,0.23121817,0.7687819
1150,0.006909299,0.9930906
1151,0.77699107,0.2230089
1152,0.76825345,0.23174655
1153,0.7263539,0.27364612
1154,0.73388153,0.26611844
1155,0.8089797,0.19102031
1156,0.86826056,0.1317395
1157,0.86141896,0.13858102
1158,0.9037104,0.09628954
1159,0.77928036,0.2207196
1160,0.54140383,0.45859623
1161,0.9357896,0.0642104
1162,0.8078499,0.19215018
1163,0.7263539,0.27364612
1164,0.84613603,0.153864
1165,0.09010949,0.9098905
1166,0.73698413,0.2630158
1167,0.6247861,0.37521395
1168,0.71963227,0.28036776
1169,0.86207306,0.13792695
1170,0.46969748,0.5303025
1171,0.744897,0.25510296
1172,0.6247861,0.37521395
1173,0.6247861,0.37521395
1174,0.6247861,0.37521395
1175,0.73865545,0.26134455
1176,0.744897,0.25510296
1177,0.0045908615,0.9954091
1178,0.78893244,0.21106756
1179,0.0023673952,0.9976326
1180,0.7034312,0.29656887
1181,0.81251836,0.18748161
1182,0.5025689,0.49743113
1183,0.001885506,0.99811447
1184,0.003651225,0.99634874
1185,0.7991074,0.20089264
1186,0.8199129,0.180087
1187,0.6834509,0.31654912
1188,0.8891352,0.1108648
1189,0.0018185689,0.99818146
1190,0.7717798,0.2282202
1191,0.0018185689,0.99818146
1192,0.86217827,0.13782181
1193,0.8756566,0.12434339
1194,0.9064004,0.09359961
1195,0.0018185689,0.99818146
1196,0.85009027,0.14990975
1197,0.863861,0.136139
1198,0.83877635,0.1612237
1199,0.86775935,0.13224067
1200,0.5717399,0.42826006
1201,0.65709597,0.34290406
1202,0.88981426,0.11018579
1203,0.6777854,0.3222146
1204,0.6001184,0.3998816
1205,0.28913322,0.71086675
1206,0.737265,0.262735
1207,0.025210518,0.97478944
1208,0.6587599,0.34124002
1209,0.020443454,0.97955656
1210,0.7571037,0.2428963
1211,0.5065236,0.49347648
1212,0.54092383,0.45907614
1213,0.7309151,0.26908484
1214,0.0031982071,0.99680173
1215,0.002404622,0.99759537
1216,0.0024282108,0.99757177
1217,0.044955786,0.9550442
1218,0.92758924,0.072410695
1219,0.34655243,0.65344757
1220,0.03060675,0.9693933
1221,0.70047206,0.2995279
1222,0.43034407,0.5696559
1223,0.8765494,0.12345058
1224,0.8304303,0.16956961
1225,0.606655,0.393345
1226,0.61838275,0.38161722
1227,0.598841,0.40115902
1228,0.22132964,0.7786704
1229,0.8765494,0.12345058
1230,0.8692862,0.1307138
1231,0.0032138864,0.9967861
1232,0.03519857,0.96480143
1233,0.18604907,0.8139509
1234,0.18604907,0.8139509
1235,0.8121296,0.1878704
1236,0.001961164,0.9980388
1237,0.56227076,0.43772924
1238,0.7455211,0.2544789
1239,0.7571926,0.24280739
1240,0.12115054,0.8788494
1241,0.0018529862,0.998147
1242,0.6010569,0.3989432
1243,0.6210979,0.3789021
1244,0.18604907,0.8139509
1245,0.9068299,0.09317017
1246,0.008513975,0.991486
1247,0.25106817,0.74893177
1248,0.46879676,0.5312032
1249,0.14682138,0.8531787
1250,0.35855907,0.6414409
1251,0.37060618,0.6293939
1252,0.008513975,0.991486
1253,0.0023543504,0.9976457
1254,0.30711377,0.69288623
1255,0.22339694,0.77660304
1256,0.06887158,0.93112844
1257,0.006728449,0.9932715
1258,0.67096084,0.32903916
1259,0.0030850891,0.99691486
1260,0.49363565,0.50636435
1261,0.95319426,0.046805736
1262,0.8576011,0.14239891
1263,0.9286639,0.071336105
1264,0.8607513,0.1392487
1265,0.91216063,0.08783935
1266,0.8676058,0.13239421
1267,0.77437484,0.22562519
1268,0.8778003,0.122199714
1269,0.83582336,0.16417669
1270,0.8679932,0.13200687
1271,0.846867,0.15313303
1272,0.9000745,0.09992545
1273,0.86645406,0.13354598
1274,0.7868918,0.21310826
1275,0.89733005,0.102669984
1276,0.8912827,0.10871736
1277,0.89619803,0.10380193
1278,0.8635953,0.13640474
1279,0.0042541507,0.99574584
1280,0.06435292,0.93564713
1281,0.0042541507,0.99574584
1282,0.001948827,0.99805117
1283,0.83630323,0.16369675
1284,0.002127525,0.9978725
1285,0.78783476,0.21216525
1286,0.5470365,0.45296344
1287,0.79133457,0.20866539
1288,0.0039396808,0.9960603
1289,0.8239377,0.17606229
1290,0.7775314,0.22246864
1291,0.9252905,0.07470943
1292,0.5906153,0.4093847
1293,0.23432302,0.76567703
1294,0.8651686,0.13483138
1295,0.5416518,0.45834824
1296,0.91645724,0.08354277
1297,0.48093954,0.5190605
1298,0.889544,0.11045597
1299,0.889544,0.11045597
1300,0.8206142,0.17938581
1301,0.42299485,0.57700515
1302,0.42299485,0.57700515
1303,0.889544,0.11045597
1304,0.6806168,0.3193832
1305,0.90635204,0.09364802
1306,0.7515863,0.24841373
1307,0.41764715,0.5823529
1308,0.5987298,0.4012702
1309,0.63115185,0.36884812
1310,0.25998202,0.74001795
1311,0.47545806,0.52454185
1312,0.8547059,0.14529403
1313,0.70117193,0.29882804
1314,0.26246676,0.73753315
1315,0.17236201,0.827638
1316,0.5490842,0.4509159
1317,0.12050215,0.8794978
1318,0.74973786,0.2502621
1319,0.17302193,0.826978
1320,0.08415476,0.9158452
1321,0.003416376,0.9965836
1322,0.08272963,0.91727036
1323,0.09801792,0.90198207
1324,0.0048626205,0.9951374
1325,0.4426636,0.5573364
1326,0.16732013,0.8326798
1327,0.0018390844,0.9981609
1328,0.12223545,0.8777646
1329,0.003107036,0.9968929
1330,0.001594417,0.99840564
1331,0.49659672,0.5034033
1332,0.83884186,0.16115819
1333,0.9068026,0.093197405
1334,0.91785085,0.08214919
1335,0.9383412,0.061658815
1336,0.83729655,0.16270338
1337,0.87637675,0.12362325
1338,0.89835674,0.10164328
1339,0.9297333,0.07026674
1340,0.8787328,0.12126726
1341,0.8248619,0.17513815
1342,0.8404864,0.15951364
1343,0.9148953,0.08510468
1344,0.8501443,0.14985567
1345,0.93286663,0.06713344
1346,0.9391538,0.06084625
1347,0.8544797,0.14552036
1348,0.867266,0.132734
1349,0.83729655,0.16270338
1350,0.9172939,0.08270604
1351,0.88742757,0.112572365
1352,0.34083888,0.6591611
1353,0.8863797,0.11362031
1354,0.8010226,0.19897746
1355,0.54967254,0.45032746
1356,0.8348551,0.16514489
1357,0.6853518,0.31464818
1358,0.8439767,0.15602337
1359,0.8978006,0.10219937
1360,0.84572357,0.1542764
1361,0.9094909,0.09050914
1362,0.87687117,0.12312884
1363,0.839578,0.16042206
1364,0.8728191,0.1271809
1365,0.8745924,0.12540755
1366,0.8874703,0.1125297
1367,0.9036826,0.09631743
1368,0.8205362,0.17946383
1369,0.75177675,0.24822323
1370,0.77911854,0.22088146
1371,0.8205362,0.17946383
1372,0.6135441,0.38645586
1373,0.779522,0.22047801
1374,0.6724912,0.3275088
1375,0.7530914,0.2469086
1376,0.8421921,0.1578079
1377,0.85762924,0.14237076
1378,0.6664972,0.33350286
1379,0.16761674,0.8323833
1380,0.012016982,0.987983
1381,0.8514495,0.14855048
1382,0.045215264,0.95478475
1383,0.28808272,0.7119173
1384,0.9055735,0.094426475
1385,0.87924385,0.12075612
1386,0.6973719,0.30262804
1387,0.92381746,0.0761825
1388,0.8365559,0.1634441
1389,0.012016982,0.987983
1390,0.0030282757,0.9969717
1391,0.0066108378,0.9933891
1392,0.036739,0.96326107
1393,0.77541524,0.22458476
1394,0.5017528,0.49824727
1395,0.8568867,0.14311329
1396,0.057393953,0.942606
1397,0.5396836,0.46031642
1398,0.6096855,0.39031455
1399,0.7288417,0.2711583
1400,0.53035474,0.46964532
1401,0.798531,0.20146899
1402,0.7318878,0.26811227
1403,0.7079846,0.29201543
1404,0.8466909,0.15330908
1405,0.818957,0.18104301
1406,0.8645195,0.13548054
1407,0.8129827,0.18701737
1408,0.84065574,0.15934426
1409,0.7987073,0.2012927
1410,0.6102172,0.38978276
1411,0.8588947,0.1411053
1412,0.8371495,0.16285047
1413,0.8914001,0.10859993
1414,0.74107164,0.2589283
1415,0.24075465,0.75924534
1416,0.8572229,0.14277707
1417,0.8572229,0.14277707
1418,0.894016,0.1059839
1419,0.7844765,0.21552351
1420,0.88754165,0.11245834
1421,0.9012526,0.09874735
1422,0.0019397073,0.9980603
1423,0.030829102,0.96917087
1424,0.8371495,0.16285047
1425,0.32595593,0.6740441
1426,0.8631396,0.13686036
1427,0.80844414,0.19155586
1428,0.7989126,0.2010874
1429,0.025291914,0.97470814
1430,0.55165637,0.4483436
1431,0.86189014,0.13810983
1432,0.05036302,0.949637
1433,0.84763896,0.15236102
1434,0.5345145,0.46548554
1435,0.009965206,0.99003476
1436,0.7933369,0.2066631
1437,0.76669663,0.2333034
1438,0.008330927,0.99166906
1439,0.006373531,0.9936265
1440,0.118091956,0.88190806
1441,0.012839569,0.98716044
1442,0.0026767103,0.99732333
1443,0.0020882385,0.99791175
1444,0.0026463394,0.9973537
1445,0.0066244206,0.9933756
1446,0.002576566,0.9974234
1447,0.6729783,0.3270217
1448,0.0018393542,0.99816066
1449,0.0018896107,0.9981104
1450,0.59467214,0.4053279
1451,0.5505909,0.44940913
1452,0.49107218,0.5089278
1453,0.14557263,0.85442734
1454,0.8198116,0.18018843
1455,0.21681982,0.78318024
1456,0.37265834,0.6273416
1457,0.3115375,0.68846244
1458,0.4796316,0.5203684
1459,0.07393193,0.92606807
1460,0.034882814,0.96511716
1461,0.15513676,0.84486324
1462,0.22818097,0.77181906
1463,0.13595952,0.8640405
1464,0.83187515,0.16812485
1465,0.92164516,0.07835485
1466,0.92255855,0.077441484
1467,0.8201539,0.1798461
1468,0.8920041,0.10799587
1469,0.8789123,0.12108765
1470,0.86174417,0.13825583
1471,0.8797401,0.12025984
1472,0.8676485,0.13235147
1473,0.92793864,0.072061345
1474,0.821042,0.17895801
1475,0.75283027,0.24716972
1476,0.7421301,0.25786996
1477,0.6826238,0.3173762
1478,0.8868308,0.11316923
1479,0.8338918,0.16610818
1480,0.69264203,0.30735797
1481,0.92104864,0.078951366
1482,0.81958795,0.18041202
1483,0.8772312,0.12276889
1484,0.0030906938,0.9969093
1485,0.00822656,0.9917734
1486,0.85109556,0.14890446
1487,0.83525133,0.16474868
1488,0.8576744,0.14232565
1489,0.92104864,0.078951366
1490,0.7844966,0.21550342
1491,0.8505944,0.14940563
1492,0.82503635,0.1749637
1493,0.6227176,0.37728235
1494,0.3203945,0.6796055
1495,0.8696207,0.1303793
1496,0.8696207,0.1303793
1497,0.8261728,0.17382716
1498,0.065617524,0.93438244
1499,0.84451884,0.15548114
1500,0.66164845,0.33835158
1501,0.0016783064,0.9983217
1502,0.59609604,0.40390396
1503,0.6628342,0.33716577
1504,0.33763173,0.6623683
1505,0.016774792,0.9832252
1506,0.8650423,0.1349577
1507,0.9088813,0.09111872
1508,0.779788,0.22021194
1509,0.0094529465,0.990547
1510,0.82341105,0.17658894
1511,0.81217176,0.18782824
1512,0.004327064,0.9956729
1513,0.00521972,0.9947803
1514,0.42406878,0.57593125
1515,0.0025642007,0.99743587
1516,0.0025642007,0.99743587
1517,0.5509936,0.44900638
1518,0.8642048,0.13579518
1519,0.8297193,0.17028067
1520,0.902836,0.09716401
1521,0.8692892,0.13071077
1522,0.005225678,0.9947744
1523,0.0023141275,0.9976859
1524,0.0017968947,0.99820304
1525,0.0026324326,0.99736756
1526,0.79716617,0.20283389
1527,0.4357221,0.56427795
1528,0.005844245,0.99415576
1529,0.0029427805,0.9970572
1530,0.8431805,0.1568195
1531,0.0025156862,0.9974843
1532,0.0017657039,0.9982343
1533,0.0016635783,0.9983365
1534,0.0018720067,0.998128
1535,0.79953235,0.20046762
1536,0.2212535,0.7787465
1537,0.2212535,0.7787465
1538,0.10638199,0.8936179
1539,0.84449536,0.15550467
1540,0.8869497,0.11305026
1541,0.6871905,0.3128096
1542,0.12585185,0.87414813
1543,0.009293855,0.99070615
1544,0.2212535,0.7787465
1545,0.73463196,0.2653681
1546,0.6941713,0.3058286
1547,0.0019060457,0.9980939
1548,0.001627901,0.99837214
1549,0.5822746,0.41772535
1550,0.8138592,0.18614084
1551,0.7129563,0.28704378
1552,0.85926974,0.14073025
1553,0.53603065,0.46396944
1554,0.71688855,0.28311148
1555,0.92274874,0.077251256
1556,0.7370977,0.26290235
1557,0.94067854,0.05932153
1558,0.7208058,0.27919418
1559,0.8105217,0.18947834
1560,0.32756418,0.6724358
1561,0.64147186,0.35852814
1562,0.8937422,0.10625784
1563,0.6749984,0.32500163
1564,0.58035403,0.41964602
1565,0.7375337,0.26246625
1566,0.8729032,0.12709671
1567,0.6475356,0.35246438
1568,0.84913766,0.15086235
1569,0.84526765,0.15473236
1570,0.27265793,0.727342
1571,0.8082553,0.19174467
1572,0.83637595,0.16362412
1573,0.7623802,0.2376198
1574,0.8441419,0.15585807
1575,0.6752111,0.32478887
1576,0.88049316,0.11950681
1577,0.83839375,0.16160631
1578,0.7435698,0.25643024
1579,0.7253065,0.27469343
1580,0.66072935,0.3392706
1581,0.8361117,0.16388826
1582,0.84037703,0.15962303
1583,0.7327676,0.26723245
1584,0.88731325,0.112686805
1585,0.4454633,0.55453676
1586,0.17499985,0.82500017
1587,0.7597514,0.24024858
1588,0.3833657,0.6166343
1589,0.8868622,0.11313773
1590,0.17499985,0.82500017
1591,0.001411502,0.9985885
1592,0.6067422,0.39325786
1593,0.650761,0.349239
1594,0.015320598,0.9846794
1595,0.40069467,0.5993054
1596,0.7694806,0.2305194
1597,0.011266244,0.98873377
1598,0.06914143,0.93085855
1599,0.7731695,0.22683047
1600,0.0033402294,0.99665976
1601,0.7350537,0.26494625
1602,0.75791353,0.24208647
1603,0.84093785,0.15906218
1604,0.5584871,0.44151288
1605,0.7334192,0.2665808
1606,0.8065022,0.19349772
1607,0.03228251,0.9677175
1608,0.14146823,0.8585317
1609,0.79816043,0.20183954
1610,0.001812117,0.99818784
1611,0.5065661,0.49343383
1612,0.22995223,0.7700478
1613,0.7462606,0.25373942
1614,0.70308167,0.29691833
1615,0.086943015,0.91305697
1616,0.57897496,0.421025
1617,0.07019172,0.9298083
1618,0.76743954,0.23256041
1619,0.21490541,0.7850946
1620,0.45751977,0.54248023
1621,0.40497816,0.5950218
1622,0.9157582,0.08424183
1623,0.7425093,0.25749072
1624,0.6846999,0.31530014
1625,0.81087327,0.18912672
1626,0.90340686,0.09659314
1627,0.895695,0.104305066
1628,0.7879611,0.21203892
1629,0.9187791,0.0812209
1630,0.83820707,0.16179289
1631,0.71537644,0.28462353
1632,0.80331,0.19669005
1633,0.89674145,0.10325856
1634,0.85226905,0.14773099
1635,0.9159924,0.08400762
1636,0.83991456,0.16008542
1637,0.8101777,0.18982233
1638,0.77410996,0.22588998
1639,0.91821355,0.08178646
1640,0.8819897,0.11801024
1641,0.6714983,0.32850164
1642,0.86307716,0.1369228
1643,0.9332857,0.06671435
1644,0.80180585,0.19819418
1645,0.89208215,0.10791781
1646,0.84989774,0.1501023
1647,0.81056386,0.18943617
1648,0.91762036,0.08237966
1649,0.88930804,0.11069197
1650,0.9309414,0.06905855
1651,0.80318683,0.19681314
1652,0.75442266,0.2455774
1653,0.23168088,0.76831913
1654,0.025176452,0.97482353
1655,0.8892552,0.110744774
1656,0.88916695,0.11083311
1657,0.8892552,0.110744774
1658,0.48674443,0.5132556
1659,0.8892552,0.110744774
1660,0.88916695,0.11083311
1661,0.0021301606,0.99786985
1662,0.68965405,0.3103459
1663,0.88916695,0.11083311
1664,0.9309414,0.06905855
1665,0.52899474,0.47100532
1666,0.05924084,0.9407591
1667,0.897102,0.10289801
1668,0.66461354,0.33538646
1669,0.01792693,0.98207307
1670,0.2562851,0.743715
1671,0.536422,0.46357796
1672,0.06081171,0.9391883
1673,0.003464309,0.99653566
1674,0.82627547,0.17372452
1675,0.76811945,0.23188052
1676,0.8471168,0.15288317
1677,0.8972241,0.10277588
1678,0.0029242465,0.9970758
1679,0.5904993,0.40950072
1680,0.7660808,0.23391914
1681,0.06388246,0.93611753
1682,0.28703797,0.712962
1683,0.25294498,0.74705505
1684,0.0025448108,0.9974552
1685,0.0032866455,0.9967134
1686,0.7844263,0.21557379
1687,0.687275,0.31272498
1688,0.0020709746,0.997929
1689,0.028105022,0.9718949
1690,0.19780688,0.8021931
1691,0.0028672486,0.9971328
1692,0.32150516,0.6784949
1693,0.057261117,0.94273883
1694,0.015145423,0.9848546
1695,0.009502924,0.9904971
1696,0.62268543,0.37731454
1697,0.25227287,0.74772716
1698,0.35952923,0.64047074
1699,0.095014244,0.9049858
1700,0.41623428,0.5837658
1701,0.82812685,0.1718731
1702,0.82812685,0.1718731
1703,0.82812685,0.1718731
1704,0.82812685,0.1718731
1705,0.82812685,0.1718731
1706,0.82812685,0.1718731
1707,0.82812685,0.1718731
1708,0.82812685,0.1718731
1709,0.82812685,0.1718731
1710,0.82812685,0.1718731
1711,0.82812685,0.1718731
1712,0.82812685,0.1718731
1713,0.82812685,0.1718731
1714,0.82812685,0.1718731
1715,0.82812685,0.1718731
1716,0.82812685,0.1718731
1717,0.82812685,0.1718731
1718,0.82812685,0.1718731
1719,0.82812685,0.1718731
1720,0.82812685,0.1718731
1721,0.82812685,0.1718731
1722,0.82812685,0.1718731
1723,0.82812685,0.1718731
1724,0.82812685,0.1718731
1725,0.82812685,0.1718731
1726,0.82812685,0.1718731
1727,0.82812685,0.1718731
1728,0.82812685,0.1718731
1729,0.82812685,0.1718731
1730,0.82812685,0.1718731
1731,0.82812685,0.1718731
1732,0.82812685,0.1718731
1733,0.82812685,0.1718731
1734,0.82812685,0.1718731
1735,0.82812685,0.1718731
1736,0.82812685,0.1718731
1737,0.82812685,0.1718731
1738,0.82812685,0.1718731
1739,0.82812685,0.1718731
1740,0.82812685,0.1718731
1741,0.82812685,0.1718731
1742,0.82812685,0.1718731
1743,0.82812685,0.1718731
1744,0.82812685,0.1718731
1745,0.82812685,0.1718731
1746,0.82812685,0.1718731
1747,0.82812685,0.1718731
1748,0.82812685,0.1718731
1749,0.82812685,0.1718731
1750,0.82812685,0.1718731
1751,0.82812685,0.1718731
1752,0.82812685,0.1718731
1753,0.82812685,0.1718731
1754,0.82812685,0.1718731
1755,0.82812685,0.1718731
1756,0.82812685,0.1718731
1757,0.82812685,0.1718731
1758,0.82812685,0.1718731
1759,0.82812685,0.1718731
1760,0.82812685,0.1718731
1761,0.82812685,0.1718731
1762,0.82812685,0.1718731
1763,0.82812685,0.1718731
1764,0.82812685,0.1718731
1765,0.82812685,0.1718731
1766,0.82812685,0.1718731
1767,0.82812685,0.1718731
1768,0.82812685,0.1718731
1769,0.82812685,0.1718731
1770,0.82812685,0.1718731
1771,0.82812685,0.1718731
1772,0.82812685,0.1718731
1773,0.82812685,0.1718731
1774,0.82812685,0.1718731
1775,0.82812685,0.1718731
1776,0.82812685,0.1718731
1777,0.82812685,0.1718731
1778,0.82812685,0.1718731
1779,0.82812685,0.1718731
1780,0.82812685,0.1718731
1781,0.82812685,0.1718731
1782,0.82812685,0.1718731
1783,0.82812685,0.1718731
1784,0.82812685,0.1718731
1785,0.82812685,0.1718731
1786,0.82812685,0.1718731
1787,0.82812685,0.1718731
1788,0.82812685,0.1718731
1789,0.82812685,0.1718731
1790,0.82812685,0.1718731
1791,0.82812685,0.1718731
1792,0.82812685,0.1718731
1793,0.82812685,0.1718731
1794,0.82812685,0.1718731
1795,0.82812685,0.1718731
1796,0.82812685,0.1718731
1797,0.82812685,0.1718731
1798,0.82812685,0.1718731
1799,0.82812685,0.1718731
1800,0.82812685,0.1718731
1801,0.82812685,0.1718731
1802,0.82812685,0.1718731
1803,0.82812685,0.1718731
1804,0.82812685,0.1718731
1805,0.82812685,0.1718731
1806,0.82812685,0.1718731
1807,0.82812685,0.1718731
1808,0.82812685,0.1718731
1809,0.82812685,0.1718731
1810,0.82812685,0.1718731
1811,0.82812685,0.1718731
1812,0.82812685,0.1718731
1813,0.82812685,0.1718731
1814,0.82812685,0.1718731
1815,0.82812685,0.1718731
1816,0.82812685,0.1718731
1817,0.82812685,0.1718731
1818,0.82812685,0.1718731
1819,0.82812685,0.1718731
1820,0.82812685,0.1718731
1821,0.82812685,0.1718731
1822,0.82812685,0.1718731
1823,0.82812685,0.1718731
1824,0.82812685,0.1718731
1825,0.82812685,0.1718731
1826,0.82812685,0.1718731
1827,0.82812685,0.1718731
1828,0.82812685,0.1718731
1829,0.82812685,0.1718731
1830,0.82812685,0.1718731
1831,0.82812685,0.1718731
1832,0.82812685,0.1718731
1833,0.82812685,0.1718731
1834,0.82812685,0.1718731
1835,0.82812685,0.1718731
1836,0.82812685,0.1718731
1837,0.82812685,0.1718731
1838,0.82812685,0.1718731
1839,0.82812685,0.1718731
1840,0.82812685,0.1718731
1841,0.82812685,0.1718731
1842,0.82812685,0.1718731
1843,0.82812685,0.1718731
1844,0.82812685,0.1718731
1845,0.82812685,0.1718731
1846,0.82812685,0.1718731
1847,0.82812685,0.1718731
1848,0.82812685,0.1718731
1849,0.82812685,0.1718731
1850,0.82812685,0.1718731
1851,0.82812685,0.1718731
1852,0.82812685,0.1718731
1853,0.82812685,0.1718731
1854,0.82812685,0.1718731
1855,0.82812685,0.1718731
1856,0.82812685,0.1718731
1857,0.82812685,0.1718731
1858,0.82812685,0.1718731
1859,0.82812685,0.1718731
1860,0.82812685,0.1718731
1861,0.82812685,0.1718731
1862,0.82812685,0.1718731
1863,0.82812685,0.1718731
1864,0.82812685,0.1718731
1865,0.82812685,0.1718731
1866,0.82812685,0.1718731
1867,0.82812685,0.1718731
1868,0.82812685,0.1718731
1869,0.82812685,0.1718731
1870,0.82812685,0.1718731
1871,0.82812685,0.1718731
1872,0.82812685,0.1718731
1873,0.82812685,0.1718731
1874,0.82812685,0.1718731
1875,0.82812685,0.1718731
1876,0.82812685,0.1718731
1877,0.82812685,0.1718731
1878,0.82812685,0.1718731
1879,0.82812685,0.1718731
1880,0.82812685,0.1718731
1881,0.82812685,0.1718731
1882,0.82812685,0.1718731
1883,0.82812685,0.1718731
1884,0.82812685,0.1718731
1885,0.82812685,0.1718731
1886,0.82812685,0.1718731
1887,0.82812685,0.1718731
1888,0.82812685,0.1718731
1889,0.82812685,0.1718731
1890,0.82812685,0.1718731
1891,0.82812685,0.1718731
1892,0.82812685,0.1718731
1893,0.82812685,0.1718731
1894,0.82812685,0.1718731
1895,0.82812685,0.1718731
1896,0.82812685,0.1718731
1897,0.82812685,0.1718731
1898,0.82812685,0.1718731
1899,0.82812685,0.1718731
1900,0.82812685,0.1718731
1901,0.82812685,0.1718731
1902,0.82812685,0.1718731
1903,0.82812685,0.1718731
1904,0.82812685,0.1718731
1905,0.82812685,0.1718731
1906,0.82812685,0.1718731
1907,0.82812685,0.1718731
1908,0.82812685,0.1718731
1909,0.82812685,0.1718731
1910,0.82812685,0.1718731
1911,0.82812685,0.1718731
1912,0.82812685,0.1718731
1913,0.82812685,0.1718731
1914,0.82812685,0.1718731
1915,0.82812685,0.1718731
1916,0.82812685,0.1718731
1917,0.82812685,0.1718731
1918,0.82812685,0.1718731
1919,0.82812685,0.1718731
1920,0.82812685,0.1718731
1921,0.82812685,0.1718731
1922,0.82812685,0.1718731
1923,0.82812685,0.1718731
1924,0.82812685,0.1718731
1925,0.82812685,0.1718731
1926,0.82812685,0.1718731
1927,0.82812685,0.1718731
1928,0.82812685,0.1718731
1929,0.82812685,0.1718731
1930,0.82812685,0.1718731
1931,0.82812685,0.1718731
1932,0.82812685,0.1718731
1933,0.82812685,0.1718731
1934,0.82812685,0.1718731
1935,0.82812685,0.1718731
1936,0.82812685,0.1718731
1937,0.82812685,0.1718731
1938,0.82812685,0.1718731
1939,0.82812685,0.1718731
1940,0.82812685,0.1718731
1941,0.82812685,0.1718731
1942,0.82812685,0.1718731
1943,0.82812685,0.1718731
1944,0.82812685,0.1718731
1945,0.82812685,0.1718731
1946,0.82812685,0.1718731
1947,0.82812685,0.1718731
1948,0.82812685,0.1718731
1949,0.82812685,0.1718731
1950,0.82812685,0.1718731
1951,0.82812685,0.1718731
1952,0.82812685,0.1718731
1953,0.82812685,0.1718731
1954,0.82812685,0.1718731
1955,0.82812685,0.1718731
1956,0.82812685,0.1718731
1957,0.82812685,0.1718731
1958,0.82812685,0.1718731
1959,0.82812685,0.1718731
1960,0.82812685,0.1718731
1961,0.82812685,0.1718731
1962,0.82812685,0.1718731
1963,0.82812685,0.1718731
1964,0.82812685,0.1718731
1965,0.82812685,0.1718731
1966,0.82812685,0.1718731
1967,0.82812685,0.1718731
1968,0.82812685,0.1718731
1969,0.82812685,0.1718731
1970,0.82812685,0.1718731
1971,0.82812685,0.1718731
1972,0.82812685,0.1718731
1973,0.82812685,0.1718731
1974,0.82812685,0.1718731
1975,0.82812685,0.1718731
1976,0.82812685,0.1718731
1977,0.82812685,0.1718731
1978,0.82812685,0.1718731
1979,0.82812685,0.1718731
1980,0.82812685,0.1718731
1981,0.82812685,0.1718731
1982,0.82812685,0.1718731
1983,0.82812685,0.1718731
1984,0.82812685,0.1718731
1985,0.82812685,0.1718731
1986,0.82812685,0.1718731
1987,0.82812685,0.1718731
1988,0.82812685,0.1718731
1989,0.82812685,0.1718731
1990,0.82812685,0.1718731
1991,0.82812685,0.1718731
1992,0.82812685,0.1718731
1993,0.82812685,0.1718731
1994,0.82812685,0.1718731
1995,0.82812685,0.1718731
1996,0.82812685,0.1718731
1997,0.82812685,0.1718731
1998,0.82812685,0.1718731
1999,0.82812685,0.1718731
2000,0.82812685,0.1718731
2001,0.82812685,0.1718731
2002,0.82812685,0.1718731
2003,0.82812685,0.1718731
2004,0.82812685,0.1718731
2005,0.82812685,0.1718731
2006,0.82812685,0.1718731
2007,0.82812685,0.1718731
2008,0.82812685,0.1718731
2009,0.82812685,0.1718731
2010,0.82812685,0.1718731
2011,0.82812685,0.1718731
2012,0.82812685,0.1718731
2013,0.82812685,0.1718731
2014,0.82812685,0.1718731
2015,0.82812685,0.1718731
2016,0.82812685,0.1718731
2017,0.82812685,0.1718731
2018,0.82812685,0.1718731
2019,0.82812685,0.1718731
2020,0.82812685,0.1718731
2021,0.82812685,0.1718731
2022,0.82812685,0.1718731
2023,0.82812685,0.1718731
2024,0.82812685,0.1718731
2025,0.82812685,0.1718731
2026,0.82812685,0.1718731
2027,0.82812685,0.1718731
2028,0.82812685,0.1718731
2029,0.82812685,0.1718731
2030,0.82812685,0.1718731
2031,0.82812685,0.1718731
2032,0.82812685,0.1718731
2033,0.82812685,0.1718731
2034,0.82812685,0.1718731
2035,0.82812685,0.1718731
2036,0.82812685,0.1718731
2037,0.82812685,0.1718731
2038,0.82812685,0.1718731
2039,0.82812685,0.1718731
2040,0.82812685,0.1718731
2041,0.82812685,0.1718731
2042,0.82812685,0.1718731
2043,0.82812685,0.1718731
2044,0.82812685,0.1718731
2045,0.82812685,0.1718731
2046,0.82812685,0.1718731
2047,0.82812685,0.1718731
2048,0.82812685,0.1718731
2049,0.82812685,0.1718731
2050,0.82812685,0.1718731
2051,0.82812685,0.1718731
2052,0.82812685,0.1718731
2053,0.82812685,0.1718731
2054,0.82812685,0.1718731
2055,0.82812685,0.1718731
2056,0.82812685,0.1718731
2057,0.82812685,0.1718731
2058,0.82812685,0.1718731
2059,0.82812685,0.1718731
2060,0.82812685,0.1718731
2061,0.82812685,0.1718731
2062,0.82812685,0.1718731
2063,0.82812685,0.1718731
2064,0.82812685,0.1718731
2065,0.82812685,0.1718731
2066,0.82812685,0.1718731
2067,0.82812685,0.1718731
2068,0.82812685,0.1718731
2069,0.82812685,0.1718731
2070,0.82812685,0.1718731
2071,0.82812685,0.1718731
2072,0.82812685,0.1718731
2073,0.82812685,0.1718731
2074,0.82812685,0.1718731
2075,0.82812685,0.1718731
2076,0.82812685,0.1718731
2077,0.82812685,0.1718731
2078,0.82812685,0.1718731
2079,0.82812685,0.1718731
2080,0.82812685,0.1718731
2081,0.82812685,0.1718731
2082,0.82812685,0.1718731
2083,0.82812685,0.1718731
2084,0.82812685,0.1718731
2085,0.82812685,0.1718731
2086,0.82812685,0.1718731
2087,0.82812685,0.1718731
2088,0.82812685,0.1718731
2089,0.82812685,0.1718731
2090,0.82812685,0.1718731
2091,0.82812685,0.1718731
2092,0.82812685,0.1718731
2093,0.82812685,0.1718731
2094,0.82812685,0.1718731
2095,0.82812685,0.1718731
2096,0.82812685,0.1718731
2097,0.82812685,0.1718731
2098,0.82812685,0.1718731
2099,0.82812685,0.1718731
2100,0.82812685,0.1718731
2101,0.82812685,0.1718731
2102,0.82812685,0.1718731
2103,0.82812685,0.1718731
2104,0.82812685,0.1718731
2105,0.82812685,0.1718731
2106,0.82812685,0.1718731
2107,0.82812685,0.1718731
2108,0.82812685,0.1718731
2109,0.82812685,0.1718731
2110,0.82812685,0.1718731
2111,0.82812685,0.1718731
2112,0.82812685,0.1718731
2113,0.82812685,0.1718731
2114,0.82812685,0.1718731
2115,0.82812685,0.1718731
2116,0.82812685,0.1718731
2117,0.82812685,0.1718731
2118,0.82812685,0.1718731
2119,0.82812685,0.1718731
2120,0.82812685,0.1718731
2121,0.82812685,0.1718731
2122,0.82812685,0.1718731
2123,0.82812685,0.1718731
2124,0.82812685,0.1718731
2125,0.82812685,0.1718731
2126,0.82812685,0.1718731
2127,0.82812685,0.1718731
2128,0.82812685,0.1718731
2129,0.82812685,0.1718731
2130,0.82812685,0.1718731
2131,0.82812685,0.1718731
2132,0.82812685,0.1718731
2133,0.82812685,0.1718731
2134,0.82812685,0.1718731
2135,0.82812685,0.1718731
2136,0.82812685,0.1718731
2137,0.82812685,0.1718731
2138,0.82812685,0.1718731
2139,0.82812685,0.1718731
2140,0.82812685,0.1718731
2141,0.82812685,0.1718731
2142,0.82812685,0.1718731
2143,0.82812685,0.1718731
2144,0.82812685,0.1718731
2145,0.82812685,0.1718731
2146,0.82812685,0.1718731
2147,0.82812685,0.1718731
2148,0.82812685,0.1718731
2149,0.82812685,0.1718731
2150,0.82812685,0.1718731
2151,0.82812685,0.1718731
2152,0.82812685,0.1718731
2153,0.82812685,0.1718731
2154,0.82812685,0.1718731
2155,0.82812685,0.1718731
2156,0.82812685,0.1718731
2157,0.82812685,0.1718731
2158,0.82812685,0.1718731
2159,0.82812685,0.1718731
2160,0.82812685,0.1718731
2161,0.82812685,0.1718731
2162,0.82812685,0.1718731
2163,0.82812685,0.1718731
2164,0.82812685,0.1718731
2165,0.82812685,0.1718731
2166,0.82812685,0.1718731
2167,0.82812685,0.1718731
2168,0.82812685,0.1718731
2169,0.82812685,0.1718731
2170,0.82812685,0.1718731
2171,0.82812685,0.1718731
2172,0.82812685,0.1718731
2173,0.82812685,0.1718731
2174,0.82812685,0.1718731
2175,0.82812685,0.1718731
2176,0.82812685,0.1718731
2177,0.82812685,0.1718731
2178,0.82812685,0.1718731
2179,0.82812685,0.1718731
2180,0.82812685,0.1718731
2181,0.82812685,0.1718731
2182,0.82812685,0.1718731
2183,0.82812685,0.1718731
2184,0.82812685,0.1718731
2185,0.82812685,0.1718731
2186,0.82812685,0.1718731
2187,0.82812685,0.1718731
2188,0.82812685,0.1718731
2189,0.82812685,0.1718731
2190,0.82812685,0.1718731
2191,0.82812685,0.1718731
2192,0.82812685,0.1718731
2193,0.82812685,0.1718731
2194,0.82812685,0.1718731
2195,0.82812685,0.1718731
2196,0.82812685,0.1718731
2197,0.82812685,0.1718731
2198,0.82812685,0.1718731
2199,0.82812685,0.1718731
2200,0.82812685,0.1718731
2201,0.82812685,0.1718731
2202,0.82812685,0.1718731
2203,0.82812685,0.1718731
2204,0.82812685,0.1718731
2205,0.82812685,0.1718731
2206,0.82812685,0.1718731
2207,0.82812685,0.1718731
2208,0.82812685,0.1718731
2209,0.82812685,0.1718731
2210,0.82812685,0.1718731
2211,0.82812685,0.1718731
2212,0.82812685,0.1718731
2213,0.82812685,0.1718731
2214,0.82812685,0.1718731
2215,0.82812685,0.1718731
2216,0.82812685,0.1718731
2217,0.82812685,0.1718731
2218,0.82812685,0.1718731
2219,0.82812685,0.1718731
2220,0.82812685,0.1718731
2221,0.82812685,0.1718731
2222,0.82812685,0.1718731
2223,0.82812685,0.1718731
2224,0.82812685,0.1718731
2225,0.82812685,0.1718731
2226,0.82812685,0.1718731
2227,0.82812685,0.1718731
2228,0.82812685,0.1718731
2229,0.82812685,0.1718731
2230,0.82812685,0.1718731
2231,0.82812685,0.1718731
2232,0.82812685,0.1718731
2233,0.82812685,0.1718731
2234,0.82812685,0.1718731
2235,0.82812685,0.1718731
2236,0.82812685,0.1718731
2237,0.82812685,0.1718731
2238,0.82812685,0.1718731
2239,0.82812685,0.1718731
2240,0.82812685,0.1718731
2241,0.82812685,0.1718731
2242,0.82812685,0.1718731
2243,0.82812685,0.1718731
2244,0.82812685,0.1718731
2245,0.82812685,0.1718731
2246,0.82812685,0.1718731
2247,0.82812685,0.1718731
2248,0.82812685,0.1718731
2249,0.82812685,0.1718731
2250,0.82812685,0.1718731
2251,0.82812685,0.1718731
2252,0.82812685,0.1718731
2253,0.82812685,0.1718731
2254,0.82812685,0.1718731
2255,0.82812685,0.1718731
2256,0.82812685,0.1718731
2257,0.82812685,0.1718731
2258,0.82812685,0.1718731
2259,0.82812685,0.1718731
2260,0.82812685,0.1718731
2261,0.82812685,0.1718731
2262,0.82812685,0.1718731
2263,0.82812685,0.1718731
2264,0.82812685,0.1718731
2265,0.82812685,0.1718731
2266,0.82812685,0.1718731
2267,0.82812685,0.1718731
2268,0.82812685,0.1718731
2269,0.82812685,0.1718731
2270,0.82812685,0.1718731
2271,0.82812685,0.1718731
2272,0.82812685,0.1718731
2273,0.82812685,0.1718731
2274,0.82812685,0.1718731
2275,0.82812685,0.1718731
2276,0.82812685,0.1718731
2277,0.82812685,0.1718731
2278,0.82812685,0.1718731
2279,0.82812685,0.1718731
2280,0.82812685,0.1718731
2281,0.82812685,0.1718731
2282,0.82812685,0.1718731
2283,0.82812685,0.1718731
2284,0.82812685,0.1718731
2285,0.82812685,0.1718731
2286,0.82812685,0.1718731
2287,0.82812685,0.1718731
2288,0.82812685,0.1718731
2289,0.82812685,0.1718731
2290,0.82812685,0.1718731
2291,0.82812685,0.1718731
2292,0.82812685,0.1718731
2293,0.82812685,0.1718731
2294,0.82812685,0.1718731
2295,0.82812685,0.1718731
2296,0.82812685,0.1718731
2297,0.82812685,0.1718731
2298,0.82812685,0.1718731
2299,0.82812685,0.1718731
2300,0.82812685,0.1718731
2301,0.82812685,0.1718731
2302,0.82812685,0.1718731
2303,0.82812685,0.1718731
2304,0.82812685,0.1718731
2305,0.82812685,0.1718731
2306,0.82812685,0.1718731
2307,0.82812685,0.1718731
2308,0.82812685,0.1718731
2309,0.82812685,0.1718731
2310,0.82812685,0.1718731
2311,0.82812685,0.1718731
2312,0.82812685,0.1718731
2313,0.82812685,0.1718731
2314,0.82812685,0.1718731
2315,0.82812685,0.1718731
2316,0.82812685,0.1718731
2317,0.82812685,0.1718731
2318,0.82812685,0.1718731
2319,0.82812685,0.1718731
2320,0.82812685,0.1718731
2321,0.82812685,0.1718731
2322,0.82812685,0.1718731
2323,0.82812685,0.1718731
2324,0.82812685,0.1718731
2325,0.82812685,0.1718731
2326,0.82812685,0.1718731
2327,0.82812685,0.1718731
2328,0.82812685,0.1718731
2329,0.82812685,0.1718731
2330,0.82812685,0.1718731
2331,0.82812685,0.1718731
2332,0.82812685,0.1718731
2333,0.82812685,0.1718731
2334,0.82812685,0.1718731
2335,0.82812685,0.1718731
2336,0.82812685,0.1718731
2337,0.82812685,0.1718731
2338,0.82812685,0.1718731
2339,0.82812685,0.1718731
2340,0.82812685,0.1718731
2341,0.82812685,0.1718731
2342,0.82812685,0.1718731
2343,0.82812685,0.1718731
2344,0.82812685,0.1718731
2345,0.82812685,0.1718731
2346,0.82812685,0.1718731
2347,0.82812685,0.1718731
2348,0.82812685,0.1718731
2349,0.82812685,0.1718731
2350,0.82812685,0.1718731
2351,0.82812685,0.1718731
2352,0.82812685,0.1718731
2353,0.82812685,0.1718731
2354,0.82812685,0.1718731
2355,0.82812685,0.1718731
2356,0.82812685,0.1718731
2357,0.82812685,0.1718731
2358,0.82812685,0.1718731
2359,0.82812685,0.1718731
2360,0.82812685,0.1718731
2361,0.82812685,0.1718731
2362,0.82812685,0.1718731
2363,0.82812685,0.1718731
2364,0.82812685,0.1718731
2365,0.82812685,0.1718731
2366,0.82812685,0.1718731
2367,0.82812685,0.1718731
2368,0.82812685,0.1718731
2369,0.82812685,0.1718731
2370,0.82812685,0.1718731
2371,0.82812685,0.1718731
2372,0.82812685,0.1718731
2373,0.82812685,0.1718731
2374,0.82812685,0.1718731
2375,0.82812685,0.1718731
2376,0.82812685,0.1718731
2377,0.82812685,0.1718731
2378,0.82812685,0.1718731
2379,0.82812685,0.1718731
2380,0.82812685,0.1718731
2381,0.82812685,0.1718731
2382,0.82812685,0.1718731
2383,0.82812685,0.1718731
2384,0.82812685,0.1718731
2385,0.82812685,0.1718731
2386,0.82812685,0.1718731
2387,0.82812685,0.1718731
2388,0.82812685,0.1718731
2389,0.82812685,0.1718731
2390,0.82812685,0.1718731
2391,0.82812685,0.1718731
2392,0.82812685,0.1718731
2393,0.82812685,0.1718731
2394,0.82812685,0.1718731
2395,0.82812685,0.1718731
2396,0.82812685,0.1718731
2397,0.82812685,0.1718731
2398,0.82812685,0.1718731
2399,0.82812685,0.1718731
2400,0.82812685,0.1718731
2401,0.82812685,0.1718731
2402,0.82812685,0.1718731
2403,0.82812685,0.1718731
2404,0.82812685,0.1718731
2405,0.82812685,0.1718731
2406,0.82812685,0.1718731
2407,0.82812685,0.1718731
2408,0.82812685,0.1718731
2409,0.82812685,0.1718731
2410,0.82812685,0.1718731
2411,0.82812685,0.1718731
2412,0.82812685,0.1718731
2413,0.82812685,0.1718731
2414,0.82812685,0.1718731
2415,0.82812685,0.1718731
2416,0.82812685,0.1718731
2417,0.82812685,0.1718731
2418,0.82812685,0.1718731
2419,0.82812685,0.1718731
2420,0.82812685,0.1718731
2421,0.82812685,0.1718731
2422,0.82812685,0.1718731
2423,0.82812685,0.1718731
2424,0.82812685,0.1718731
2425,0.82812685,0.1718731
2426,0.82812685,0.1718731
2427,0.82812685,0.1718731
2428,0.82812685,0.1718731
2429,0.82812685,0.1718731
2430,0.82812685,0.1718731
2431,0.82812685,0.1718731
2432,0.82812685,0.1718731
2433,0.82812685,0.1718731
2434,0.82812685,0.1718731
2435,0.82812685,0.1718731
2436,0.82812685,0.1718731
2437,0.82812685,0.1718731
2438,0.82812685,0.1718731
2439,0.82812685,0.1718731
2440,0.82812685,0.1718731
2441,0.82812685,0.1718731
2442,0.82812685,0.1718731
2443,0.82812685,0.1718731
2444,0.82812685,0.1718731
2445,0.82812685,0.1718731
2446,0.82812685,0.1718731
2447,0.82812685,0.1718731
2448,0.82812685,0.1718731
2449,0.82812685,0.1718731
2450,0.82812685,0.1718731
2451,0.82812685,0.1718731
2452,0.82812685,0.1718731
2453,0.82812685,0.1718731
2454,0.82812685,0.1718731
2455,0.82812685,0.1718731
2456,0.82812685,0.1718731
2457,0.82812685,0.1718731
2458,0.82812685,0.1718731
2459,0.82812685,0.1718731
2460,0.82812685,0.1718731
2461,0.82812685,0.1718731
2462,0.82812685,0.1718731
2463,0.82812685,0.1718731
2464,0.82812685,0.1718731
2465,0.82812685,0.1718731
2466,0.82812685,0.1718731
2467,0.82812685,0.1718731
2468,0.82812685,0.1718731
2469,0.82812685,0.1718731
2470,0.82812685,0.1718731
2471,0.82812685,0.1718731
2472,0.82812685,0.1718731
2473,0.82812685,0.1718731
2474,0.82812685,0.1718731
2475,0.82812685,0.1718731
2476,0.82812685,0.1718731
2477,0.82812685,0.1718731
2478,0.82812685,0.1718731
2479,0.82812685,0.1718731
2480,0.82812685,0.1718731
2481,0.82812685,0.1718731
2482,0.82812685,0.1718731
2483,0.82812685,0.1718731
2484,0.82812685,0.1718731
2485,0.82812685,0.1718731
2486,0.82812685,0.1718731
2487,0.82812685,0.1718731
2488,0.82812685,0.1718731
2489,0.82812685,0.1718731
2490,0.82812685,0.1718731
2491,0.82812685,0.1718731
2492,0.82812685,0.1718731
2493,0.82812685,0.1718731
2494,0.82812685,0.1718731
2495,0.82812685,0.1718731
2496,0.82812685,0.1718731
2497,0.82812685,0.1718731
2498,0.82812685,0.1718731
2499,0.82812685,0.1718731
2500,0.82812685,0.1718731
2501,0.82812685,0.1718731
2502,0.82812685,0.1718731
2503,0.82812685,0.1718731
2504,0.82812685,0.1718731
2505,0.82812685,0.1718731
2506,0.82812685,0.1718731
2507,0.82812685,0.1718731
2508,0.82812685,0.1718731
2509,0.82812685,0.1718731
2510,0.82812685,0.1718731
2511,0.82812685,0.1718731
2512,0.82812685,0.1718731
2513,0.82812685,0.1718731
2514,0.82812685,0.1718731
2515,0.82812685,0.1718731
2516,0.82812685,0.1718731
2517,0.82812685,0.1718731
2518,0.82812685,0.1718731
2519,0.82812685,0.1718731
2520,0.82812685,0.1718731
2521,0.82812685,0.1718731
2522,0.82812685,0.1718731
2523,0.82812685,0.1718731
2524,0.82812685,0.1718731
2525,0.82812685,0.1718731
2526,0.82812685,0.1718731
2527,0.82812685,0.1718731
2528,0.82812685,0.1718731
2529,0.82812685,0.1718731
2530,0.82812685,0.1718731
2531,0.82812685,0.1718731
2532,0.82812685,0.1718731
2533,0.82812685,0.1718731
2534,0.82812685,0.1718731
2535,0.82812685,0.1718731
2536,0.82812685,0.1718731
2537,0.82812685,0.1718731
2538,0.82812685,0.1718731
2539,0.82812685,0.1718731
2540,0.82812685,0.1718731
2541,0.82812685,0.1718731
2542,0.82812685,0.1718731
2543,0.82812685,0.1718731
2544,0.82812685,0.1718731
2545,0.82812685,0.1718731
2546,0.82812685,0.1718731
2547,0.82812685,0.1718731
2548,0.82812685,0.1718731
2549,0.82812685,0.1718731
2550,0.82812685,0.1718731
2551,0.82812685,0.1718731
2552,0.82812685,0.1718731
2553,0.82812685,0.1718731
2554,0.82812685,0.1718731
2555,0.82812685,0.1718731
2556,0.82812685,0.1718731
2557,0.82812685,0.1718731
2558,0.82812685,0.1718731
2559,0.82812685,0.1718731
2560,0.82812685,0.1718731
2561,0.82812685,0.1718731
2562,0.82812685,0.1718731
2563,0.82812685,0.1718731
2564,0.82812685,0.1718731
2565,0.82812685,0.1718731
2566,0.82812685,0.1718731
2567,0.82812685,0.1718731
2568,0.82812685,0.1718731
2569,0.82812685,0.1718731
2570,0.82812685,0.1718731
2571,0.82812685,0.1718731
2572,0.82812685,0.1718731
2573,0.82812685,0.1718731
2574,0.82812685,0.1718731
2575,0.82812685,0.1718731
2576,0.82812685,0.1718731
2577,0.82812685,0.1718731
2578,0.82812685,0.1718731
2579,0.82812685,0.1718731
2580,0.82812685,0.1718731
2581,0.82812685,0.1718731
2582,0.82812685,0.1718731
2583,0.82812685,0.1718731
2584,0.82812685,0.1718731
2585,0.82812685,0.1718731
2586,0.82812685,0.1718731
2587,0.82812685,0.1718731
2588,0.82812685,0.1718731
2589,0.82812685,0.1718731
2590,0.82812685,0.1718731
2591,0.82812685,0.1718731
2592,0.82812685,0.1718731
2593,0.82812685,0.1718731
2594,0.82812685,0.1718731
2595,0.82812685,0.1718731
2596,0.82812685,0.1718731
2597,0.82812685,0.1718731
2598,0.82812685,0.1718731
2599,0.82812685,0.1718731
2600,0.82812685,0.1718731
2601,0.82812685,0.1718731
2602,0.82812685,0.1718731
2603,0.82812685,0.1718731
2604,0.82812685,0.1718731
2605,0.82812685,0.1718731
2606,0.82812685,0.1718731
2607,0.82812685,0.1718731
2608,0.82812685,0.1718731
2609,0.82812685,0.1718731
2610,0.82812685,0.1718731
2611,0.82812685,0.1718731
2612,0.82812685,0.1718731
2613,0.82812685,0.1718731
2614,0.82812685,0.1718731
2615,0.82812685,0.1718731
2616,0.82812685,0.1718731
2617,0.82812685,0.1718731
2618,0.82812685,0.1718731
2619,0.82812685,0.1718731
2620,0.82812685,0.1718731
2621,0.82812685,0.1718731
2622,0.82812685,0.1718731
2623,0.82812685,0.1718731
2624,0.82812685,0.1718731
2625,0.82812685,0.1718731
2626,0.82812685,0.1718731
2627,0.82812685,0.1718731
2628,0.82812685,0.1718731
2629,0.82812685,0.1718731
2630,0.82812685,0.1718731
2631,0.82812685,0.1718731
2632,0.82812685,0.1718731
2633,0.82812685,0.1718731
2634,0.82812685,0.1718731
2635,0.82812685,0.1718731
2636,0.82812685,0.1718731
2637,0.82812685,0.1718731
2638,0.82812685,0.1718731
2639,0.82812685,0.1718731
2640,0.82812685,0.1718731
2641,0.82812685,0.1718731
2642,0.82812685,0.1718731
2643,0.82812685,0.1718731
2644,0.82812685,0.1718731
2645,0.82812685,0.1718731
2646,0.82812685,0.1718731
2647,0.82812685,0.1718731
2648,0.82812685,0.1718731
2649,0.82812685,0.1718731
2650,0.82812685,0.1718731
2651,0.82812685,0.1718731
2652,0.82812685,0.1718731
2653,0.82812685,0.1718731
2654,0.82812685,0.1718731
2655,0.82812685,0.1718731
2656,0.82812685,0.1718731
2657,0.82812685,0.1718731
2658,0.82812685,0.1718731
2659,0.82812685,0.1718731
2660,0.82812685,0.1718731
2661,0.82812685,0.1718731
2662,0.82812685,0.1718731
2663,0.82812685,0.1718731
2664,0.82812685,0.1718731
2665,0.82812685,0.1718731
2666,0.82812685,0.1718731
2667,0.82812685,0.1718731
2668,0.82812685,0.1718731
2669,0.82812685,0.1718731
2670,0.82812685,0.1718731
2671,0.82812685,0.1718731
2672,0.82812685,0.1718731
2673,0.82812685,0.1718731
2674,0.82812685,0.1718731
2675,0.82812685,0.1718731
2676,0.82812685,0.1718731
2677,0.82812685,0.1718731
2678,0.82812685,0.1718731
2679,0.82812685,0.1718731
2680,0.82812685,0.1718731
2681,0.82812685,0.1718731
2682,0.82812685,0.1718731
2683,0.82812685,0.1718731
2684,0.82812685,0.1718731
2685,0.82812685,0.1718731
2686,0.82812685,0.1718731
2687,0.82812685,0.1718731
2688,0.82812685,0.1718731
2689,0.82812685,0.1718731
2690,0.82812685,0.1718731
2691,0.82812685,0.1718731
2692,0.82812685,0.1718731
2693,0.82812685,0.1718731
2694,0.82812685,0.1718731
2695,0.82812685,0.1718731
2696,0.82812685,0.1718731
2697,0.82812685,0.1718731
2698,0.82812685,0.1718731
2699,0.82812685,0.1718731
2700,0.82812685,0.1718731
2701,0.82812685,0.1718731
2702,0.82812685,0.1718731
2703,0.82812685,0.1718731
2704,0.82812685,0.1718731
2705,0.82812685,0.1718731
2706,0.82812685,0.1718731
2707,0.82812685,0.1718731
2708,0.82812685,0.1718731
2709,0.82812685,0.1718731
2710,0.82812685,0.1718731
2711,0.82812685,0.1718731
2712,0.82812685,0.1718731
2713,0.82812685,0.1718731
2714,0.82812685,0.1718731
2715,0.82812685,0.1718731
2716,0.82812685,0.1718731
2717,0.82812685,0.1718731
2718,0.82812685,0.1718731
2719,0.82812685,0.1718731
2720,0.82812685,0.1718731
2721,0.82812685,0.1718731
2722,0.82812685,0.1718731
2723,0.82812685,0.1718731
2724,0.82812685,0.1718731
2725,0.82812685,0.1718731
2726,0.82812685,0.1718731
2727,0.82812685,0.1718731
2728,0.82812685,0.1718731
2729,0.82812685,0.1718731
2730,0.82812685,0.1718731
2731,0.82812685,0.1718731
2732,0.82812685,0.1718731
2733,0.82812685,0.1718731
2734,0.82812685,0.1718731
2735,0.82812685,0.1718731
2736,0.82812685,0.1718731
2737,0.82812685,0.1718731
2738,0.82812685,0.1718731
2739,0.82812685,0.1718731
2740,0.82812685,0.1718731
2741,0.82812685,0.1718731
2742,0.82812685,0.1718731
2743,0.82812685,0.1718731
2744,0.82812685,0.1718731
2745,0.82812685,0.1718731
2746,0.82812685,0.1718731
2747,0.82812685,0.1718731
2748,0.82812685,0.1718731
2749,0.82812685,0.1718731
2750,0.82812685,0.1718731
2751,0.82812685,0.1718731
2752,0.82812685,0.1718731
2753,0.82812685,0.1718731
2754,0.82812685,0.1718731
2755,0.82812685,0.1718731
2756,0.82812685,0.1718731
2757,0.82812685,0.1718731
2758,0.82812685,0.1718731
2759,0.82812685,0.1718731
2760,0.82812685,0.1718731
2761,0.82812685,0.1718731
2762,0.82812685,0.1718731
2763,0.82812685,0.1718731
2764,0.82812685,0.1718731
2765,0.82812685,0.1718731
2766,0.82812685,0.1718731
2767,0.82812685,0.1718731
2768,0.82812685,0.1718731
2769,0.82812685,0.1718731
2770,0.82812685,0.1718731
2771,0.82812685,0.1718731
2772,0.82812685,0.1718731
2773,0.82812685,0.1718731
2774,0.82812685,0.1718731
2775,0.82812685,0.1718731
2776,0.82812685,0.1718731
2777,0.82812685,0.1718731
2778,0.82812685,0.1718731
2779,0.82812685,0.1718731
2780,0.82812685,0.1718731
2781,0.82812685,0.1718731
2782,0.82812685,0.1718731
2783,0.82812685,0.1718731
2784,0.82812685,0.1718731
2785,0.82812685,0.1718731
2786,0.82812685,0.1718731
2787,0.82812685,0.1718731
2788,0.82812685,0.1718731
2789,0.82812685,0.1718731
2790,0.82812685,0.1718731
2791,0.82812685,0.1718731
2792,0.82812685,0.1718731
2793,0.82812685,0.1718731
2794,0.82812685,0.1718731
2795,0.82812685,0.1718731
2796,0.82812685,0.1718731
2797,0.82812685,0.1718731
2798,0.82812685,0.1718731
2799,0.82812685,0.1718731
2800,0.82812685,0.1718731
2801,0.82812685,0.1718731
2802,0.82812685,0.1718731
2803,0.82812685,0.1718731
2804,0.82812685,0.1718731
2805,0.82812685,0.1718731
2806,0.82812685,0.1718731
2807,0.82812685,0.1718731
2808,0.82812685,0.1718731
2809,0.82812685,0.1718731
2810,0.82812685,0.1718731
2811,0.82812685,0.1718731
2812,0.82812685,0.1718731
2813,0.82812685,0.1718731
2814,0.82812685,0.1718731
2815,0.82812685,0.1718731
2816,0.82812685,0.1718731
2817,0.82812685,0.1718731
2818,0.82812685,0.1718731
2819,0.82812685,0.1718731
2820,0.82812685,0.1718731
2821,0.82812685,0.1718731
2822,0.82812685,0.1718731
2823,0.82812685,0.1718731
2824,0.82812685,0.1718731
2825,0.82812685,0.1718731
2826,0.82812685,0.1718731
2827,0.82812685,0.1718731
2828,0.82812685,0.1718731
2829,0.82812685,0.1718731
2830,0.82812685,0.1718731
2831,0.82812685,0.1718731
2832,0.82812685,0.1718731
2833,0.82812685,0.1718731
2834,0.82812685,0.1718731
2835,0.82812685,0.1718731
2836,0.82812685,0.1718731
2837,0.82812685,0.1718731
2838,0.82812685,0.1718731
2839,0.82812685,0.1718731
2840,0.82812685,0.1718731
2841,0.82812685,0.1718731
2842,0.82812685,0.1718731
2843,0.82812685,0.1718731
2844,0.82812685,0.1718731
2845,0.82812685,0.1718731
2846,0.82812685,0.1718731
2847,0.82812685,0.1718731
2848,0.82812685,0.1718731
2849,0.82812685,0.1718731
2850,0.82812685,0.1718731
2851,0.82812685,0.1718731
2852,0.82812685,0.1718731
2853,0.82812685,0.1718731
2854,0.82812685,0.1718731
2855,0.82812685,0.1718731
2856,0.82812685,0.1718731
2857,0.82812685,0.1718731
2858,0.82812685,0.1718731
2859,0.82812685,0.1718731
2860,0.82812685,0.1718731
2861,0.82812685,0.1718731
2862,0.82812685,0.1718731
2863,0.82812685,0.1718731
2864,0.82812685,0.1718731
2865,0.82812685,0.1718731
2866,0.82812685,0.1718731
2867,0.82812685,0.1718731
2868,0.82812685,0.1718731
2869,0.82812685,0.1718731
2870,0.82812685,0.1718731
2871,0.82812685,0.1718731
2872,0.82812685,0.1718731
2873,0.82812685,0.1718731
2874,0.82812685,0.1718731
2875,0.82812685,0.1718731
2876,0.82812685,0.1718731
2877,0.82812685,0.1718731
2878,0.82812685,0.1718731
2879,0.82812685,0.1718731
2880,0.82812685,0.1718731
2881,0.82812685,0.1718731
2882,0.82812685,0.1718731
2883,0.82812685,0.1718731
2884,0.82812685,0.1718731
2885,0.82812685,0.1718731
2886,0.82812685,0.1718731
2887,0.82812685,0.1718731
2888,0.82812685,0.1718731
2889,0.82812685,0.1718731
2890,0.82812685,0.1718731
2891,0.82812685,0.1718731
2892,0.82812685,0.1718731
2893,0.82812685,0.1718731
2894,0.82812685,0.1718731
2895,0.82812685,0.1718731
2896,0.82812685,0.1718731
2897,0.82812685,0.1718731
2898,0.82812685,0.1718731
2899,0.82812685,0.1718731
2900,0.82812685,0.1718731
2901,0.82812685,0.1718731
2902,0.82812685,0.1718731
2903,0.82812685,0.1718731
2904,0.82812685,0.1718731
2905,0.82812685,0.1718731
2906,0.82812685,0.1718731
2907,0.82812685,0.1718731
2908,0.82812685,0.1718731
2909,0.82812685,0.1718731
2910,0.82812685,0.1718731
2911,0.82812685,0.1718731
2912,0.82812685,0.1718731
2913,0.82812685,0.1718731
2914,0.82812685,0.1718731
2915,0.82812685,0.1718731
2916,0.82812685,0.1718731
2917,0.82812685,0.1718731
2918,0.82812685,0.1718731
2919,0.82812685,0.1718731
2920,0.82812685,0.1718731
2921,0.82812685,0.1718731
2922,0.82812685,0.1718731
2923,0.82812685,0.1718731
2924,0.82812685,0.1718731
2925,0.82812685,0.1718731
2926,0.82812685,0.1718731
2927,0.82812685,0.1718731
2928,0.82812685,0.1718731
2929,0.82812685,0.1718731
2930,0.82812685,0.1718731
2931,0.82812685,0.1718731
2932,0.82812685,0.1718731
2933,0.82812685,0.1718731
2934,0.82812685,0.1718731
2935,0.82812685,0.1718731
2936,0.82812685,0.1718731
2937,0.82812685,0.1718731
2938,0.82812685,0.1718731
2939,0.82812685,0.1718731
2940,0.82812685,0.1718731
2941,0.82812685,0.1718731
2942,0.82812685,0.1718731
2943,0.82812685,0.1718731
2944,0.82812685,0.1718731
2945,0.82812685,0.1718731
2946,0.82812685,0.1718731
2947,0.82812685,0.1718731
2948,0.82812685,0.1718731
2949,0.82812685,0.1718731
2950,0.82812685,0.1718731
2951,0.82812685,0.1718731
2952,0.82812685,0.1718731
2953,0.82812685,0.1718731
2954,0.82812685,0.1718731
2955,0.82812685,0.1718731
2956,0.82812685,0.1718731
2957,0.82812685,0.1718731
2958,0.82812685,0.1718731
2959,0.82812685,0.1718731
2960,0.82812685,0.1718731
2961,0.82812685,0.1718731
2962,0.82812685,0.1718731
2963,0.82812685,0.1718731
2964,0.82812685,0.1718731
2965,0.82812685,0.1718731
2966,0.82812685,0.1718731
2967,0.82812685,0.1718731
2968,0.82812685,0.1718731
2969,0.82812685,0.1718731
2970,0.82812685,0.1718731
2971,0.82812685,0.1718731
2972,0.82812685,0.1718731
2973,0.82812685,0.1718731
2974,0.82812685,0.1718731
2975,0.82812685,0.1718731
2976,0.82812685,0.1718731
2977,0.82812685,0.1718731
2978,0.82812685,0.1718731
2979,0.82812685,0.1718731
2980,0.82812685,0.1718731
2981,0.82812685,0.1718731
2982,0.82812685,0.1718731
2983,0.82812685,0.1718731
2984,0.82812685,0.1718731
2985,0.82812685,0.1718731
2986,0.82812685,0.1718731
2987,0.82812685,0.1718731
2988,0.82812685,0.1718731
2989,0.82812685,0.1718731
2990,0.82812685,0.1718731
2991,0.82812685,0.1718731
2992,0.82812685,0.1718731
2993,0.82812685,0.1718731
2994,0.82812685,0.1718731
2995,0.82812685,0.1718731
2996,0.82812685,0.1718731
2997,0.82812685,0.1718731
2998,0.82812685,0.1718731
2999,0.82812685,0.1718731
3000,0.82812685,0.1718731
3001,0.82812685,0.1718731
3002,0.82812685,0.1718731
3003,0.82812685,0.1718731
3004,0.82812685,0.1718731
3005,0.82812685,0.1718731
3006,0.82812685,0.1718731
3007,0.82812685,0.1718731
3008,0.82812685,0.1718731
3009,0.82812685,0.1718731
3010,0.82812685,0.1718731
3011,0.82812685,0.1718731
3012,0.82812685,0.1718731
3013,0.82812685,0.1718731
3014,0.82812685,0.1718731
3015,0.82812685,0.1718731
3016,0.82812685,0.1718731
3017,0.82812685,0.1718731
3018,0.82812685,0.1718731
3019,0.82812685,0.1718731
3020,0.82812685,0.1718731
3021,0.82812685,0.1718731
3022,0.82812685,0.1718731
3023,0.82812685,0.1718731
3024,0.82812685,0.1718731
3025,0.82812685,0.1718731
3026,0.82812685,0.1718731
3027,0.82812685,0.1718731
3028,0.82812685,0.1718731
3029,0.82812685,0.1718731
3030,0.82812685,0.1718731
3031,0.82812685,0.1718731
3032,0.82812685,0.1718731
3033,0.82812685,0.1718731
3034,0.82812685,0.1718731
3035,0.82812685,0.1718731
3036,0.82812685,0.1718731
3037,0.82812685,0.1718731
3038,0.82812685,0.1718731
3039,0.82812685,0.1718731
3040,0.82812685,0.1718731
3041,0.82812685,0.1718731
3042,0.82812685,0.1718731
3043,0.82812685,0.1718731
3044,0.82812685,0.1718731
3045,0.82812685,0.1718731
3046,0.82812685,0.1718731
3047,0.82812685,0.1718731
3048,0.82812685,0.1718731
3049,0.82812685,0.1718731
3050,0.82812685,0.1718731
3051,0.82812685,0.1718731
3052,0.82812685,0.1718731
3053,0.82812685,0.1718731
3054,0.82812685,0.1718731
3055,0.82812685,0.1718731
3056,0.82812685,0.1718731
3057,0.82812685,0.1718731
3058,0.82812685,0.1718731
3059,0.82812685,0.1718731
3060,0.82812685,0.1718731
3061,0.82812685,0.1718731
3062,0.82812685,0.1718731
3063,0.82812685,0.1718731
3064,0.82812685,0.1718731
3065,0.82812685,0.1718731
3066,0.82812685,0.1718731
3067,0.82812685,0.1718731
3068,0.82812685,0.1718731
3069,0.82812685,0.1718731
3070,0.82812685,0.1718731
3071,0.82812685,0.1718731
3072,0.82812685,0.1718731
3073,0.82812685,0.1718731
3074,0.82812685,0.1718731
3075,0.82812685,0.1718731
3076,0.82812685,0.1718731
3077,0.82812685,0.1718731
3078,0.82812685,0.1718731
3079,0.82812685,0.1718731
3080,0.82812685,0.1718731
3081,0.82812685,0.1718731
3082,0.82812685,0.1718731
3083,0.82812685,0.1718731
3084,0.82812685,0.1718731
3085,0.82812685,0.1718731
3086,0.82812685,0.1718731
3087,0.82812685,0.1718731
3088,0.82812685,0.1718731
3089,0.82812685,0.1718731
3090,0.82812685,0.1718731
3091,0.82812685,0.1718731
3092,0.82812685,0.1718731
3093,0.82812685,0.1718731
3094,0.82812685,0.1718731
3095,0.82812685,0.1718731
3096,0.82812685,0.1718731
3097,0.82812685,0.1718731
3098,0.82812685,0.1718731
3099,0.82812685,0.1718731
3100,0.82812685,0.1718731
3101,0.82812685,0.1718731
3102,0.82812685,0.1718731
3103,0.82812685,0.1718731
3104,0.82812685,0.1718731
3105,0.82812685,0.1718731
3106,0.82812685,0.1718731
3107,0.82812685,0.1718731
3108,0.82812685,0.1718731
3109,0.82812685,0.1718731
3110,0.82812685,0.1718731
3111,0.82812685,0.1718731
3112,0.82812685,0.1718731
3113,0.82812685,0.1718731
3114,0.82812685,0.1718731
3115,0.82812685,0.1718731
3116,0.82812685,0.1718731
3117,0.82812685,0.1718731
3118,0.82812685,0.1718731
3119,0.82812685,0.1718731
3120,0.82812685,0.1718731
3121,0.82812685,0.1718731
3122,0.82812685,0.1718731
3123,0.82812685,0.1718731
3124,0.82812685,0.1718731
3125,0.82812685,0.1718731
3126,0.82812685,0.1718731
3127,0.82812685,0.1718731
3128,0.82812685,0.1718731
3129,0.82812685,0.1718731
3130,0.82812685,0.1718731
3131,0.82812685,0.1718731
3132,0.82812685,0.1718731
3133,0.82812685,0.1718731
3134,0.82812685,0.1718731
3135,0.82812685,0.1718731
3136,0.82812685,0.1718731
3137,0.82812685,0.1718731
3138,0.82812685,0.1718731
3139,0.82812685,0.1718731
3140,0.82812685,0.1718731
3141,0.82812685,0.1718731
3142,0.82812685,0.1718731
3143,0.82812685,0.1718731
3144,0.82812685,0.1718731
3145,0.82812685,0.1718731
3146,0.82812685,0.1718731
3147,0.82812685,0.1718731
3148,0.82812685,0.1718731
3149,0.82812685,0.1718731
3150,0.82812685,0.1718731
3151,0.82812685,0.1718731
3152,0.82812685,0.1718731
3153,0.82812685,0.1718731
3154,0.82812685,0.1718731
3155,0.82812685,0.1718731
3156,0.82812685,0.1718731
3157,0.82812685,0.1718731
3158,0.82812685,0.1718731
3159,0.82812685,0.1718731
3160,0.82812685,0.1718731
3161,0.82812685,0.1718731
3162,0.82812685,0.1718731
3163,0.82812685,0.1718731
3164,0.82812685,0.1718731
3165,0.82812685,0.1718731
3166,0.82812685,0.1718731
3167,0.82812685,0.1718731
3168,0.82812685,0.1718731
3169,0.82812685,0.1718731
3170,0.82812685,0.1718731
3171,0.82812685,0.1718731
3172,0.82812685,0.1718731
3173,0.82812685,0.1718731
3174,0.82812685,0.1718731
3175,0.82812685,0.1718731
3176,0.82812685,0.1718731
3177,0.82812685,0.1718731
3178,0.82812685,0.1718731
3179,0.82812685,0.1718731
3180,0.82812685,0.1718731
3181,0.82812685,0.1718731
3182,0.82812685,0.1718731
3183,0.82812685,0.1718731
3184,0.82812685,0.1718731
3185,0.82812685,0.1718731
3186,0.82812685,0.1718731
3187,0.82812685,0.1718731
3188,0.82812685,0.1718731
3189,0.82812685,0.1718731
3190,0.82812685,0.1718731
3191,0.82812685,0.1718731
3192,0.82812685,0.1718731
3193,0.82812685,0.1718731
3194,0.82812685,0.1718731
3195,0.82812685,0.1718731
3196,0.82812685,0.1718731
3197,0.82812685,0.1718731
3198,0.82812685,0.1718731
3199,0.82812685,0.1718731
3200,0.82812685,0.1718731
3201,0.82812685,0.1718731
3202,0.82812685,0.1718731
3203,0.82812685,0.1718731
3204,0.82812685,0.1718731
3205,0.82812685,0.1718731
3206,0.82812685,0.1718731
3207,0.82812685,0.1718731
3208,0.82812685,0.1718731
3209,0.82812685,0.1718731
3210,0.82812685,0.1718731
3211,0.82812685,0.1718731
3212,0.82812685,0.1718731
3213,0.82812685,0.1718731
3214,0.82812685,0.1718731
3215,0.82812685,0.1718731
3216,0.82812685,0.1718731
3217,0.82812685,0.1718731
3218,0.82812685,0.1718731
3219,0.82812685,0.1718731
3220,0.82812685,0.1718731
3221,0.82812685,0.1718731
3222,0.82812685,0.1718731
3223,0.82812685,0.1718731
3224,0.82812685,0.1718731
3225,0.82812685,0.1718731
3226,0.82812685,0.1718731
3227,0.82812685,0.1718731
3228,0.82812685,0.1718731
3229,0.82812685,0.1718731
3230,0.82812685,0.1718731
3231,0.82812685,0.1718731
3232,0.82812685,0.1718731
3233,0.82812685,0.1718731
3234,0.82812685,0.1718731
3235,0.82812685,0.1718731
3236,0.82812685,0.1718731
3237,0.82812685,0.1718731
3238,0.82812685,0.1718731
3239,0.82812685,0.1718731
3240,0.82812685,0.1718731
3241,0.82812685,0.1718731
3242,0.82812685,0.1718731
3243,0.82812685,0.1718731
3244,0.82812685,0.1718731
3245,0.82812685,0.1718731
3246,0.82812685,0.1718731
3247,0.82812685,0.1718731
3248,0.82812685,0.1718731
3249,0.82812685,0.1718731
3250,0.82812685,0.1718731
3251,0.82812685,0.1718731
3252,0.82812685,0.1718731
3253,0.82812685,0.1718731
3254,0.82812685,0.1718731
3255,0.82812685,0.1718731
3256,0.82812685,0.1718731
3257,0.82812685,0.1718731
3258,0.82812685,0.1718731
3259,0.82812685,0.1718731
3260,0.82812697,0.1718731
3261,0.82812697,0.1718731
3262,0.82812685,0.1718731
